{
  "name": "aircraft",
  "classes_per_split": {
    "TRAIN": 70,
    "VALID": 15,
    "TEST": 15
  },
  "images_per_class": {
    "0": 100,
    "1": 100,
    "2": 100,
    "3": 100,
    "4": 100,
    "5": 100,
    "6": 100,
    "7": 100,
    "8": 100,
    "9": 100,
    "10": 100,
    "11": 100,
    "12": 100,
    "13": 100,
    "14": 100,
    "15": 100,
    "16": 100,
    "17": 100,
    "18": 100,
    "19": 100,
    "20": 100,
    "21": 100,
    "22": 100,
    "23": 100,
    "24": 100,
    "25": 100,
    "26": 100,
    "27": 100,
    "28": 100,
    "29": 100,
    "30": 100,
    "31": 100,
    "32": 100,
    "33": 100,
    "34": 100,
    "35": 100,
    "36": 100,
    "37": 100,
    "38": 100,
    "39": 100,
    "40": 100,
    "41": 100,
    "42": 100,
    "43": 100,
    "44": 100,
    "45": 100,
    "46": 100,
    "47": 100,
    "48": 100,
    "49": 100,
    "50": 100,
    "51": 100,
    "52": 100,
    "53": 100,
    "54": 100,
    "55": 100,
    "56": 100,
    "57": 100,
    "58": 100,
    "59": 100,
    "60": 100,
    "61": 100,
    "62": 100,
    "63": 100,
    "64": 100,
    "65": 100,
    "66": 100,
    "67": 100,
    "68": 100,
    "69": 100,
    "70": 100,
    "71": 100,
    "72": 100,
    "73": 100,
    "74": 100,
    "75": 100,
    "76": 100,
    "77": 100,
    "78": 100,
    "79": 100,
    "80": 100,
    "81": 100,
    "82": 100,
    "83": 100,
    "84": 100,
    "85": 100,
    "86": 100,
    "87": 100,
    "88": 100,
    "89": 100,
    "90": 100,
    "91": 100,
    "92": 100,
    "93": 100,
    "94": 100,
    "95": 100,
    "96": 100,
    "97": 100,
    "98": 100,
    "99": 100
  },
  "class_names": {
    "0": "A340-300",
    "1": "A318",
    "2": "Falcon 2000",
    "3": "F-16A/B",
    "4": "F/A-18",
    "5": "C-130",
    "6": "MD-80",
    "7": "BAE 146-200",
    "8": "777-200",
    "9": "747-400",
    "10": "Cessna 172",
    "11": "An-12",
    "12": "A330-300",
    "13": "A321",
    "14": "Fokker 100",
    "15": "Fokker 50",
    "16": "DHC-1",
    "17": "Fokker 70",
    "18": "A340-200",
    "19": "DC-6",
    "20": "747-200",
    "21": "Il-76",
    "22": "747-300",
    "23": "Model B200",
    "24": "Saab 340",
    "25": "Cessna 560",
    "26": "Dornier 328",
    "27": "E-195",
    "28": "ERJ 135",
    "29": "747-100",
    "30": "737-600",
    "31": "C-47",
    "32": "DR-400",
    "33": "ATR-72",
    "34": "A330-200",
    "35": "727-200",
    "36": "737-700",
    "37": "PA-28",
    "38": "ERJ 145",
    "39": "737-300",
    "40": "767-300",
    "41": "737-500",
    "42": "737-200",
    "43": "DHC-6",
    "44": "Falcon 900",
    "45": "DC-3",
    "46": "Eurofighter Typhoon",
    "47": "Challenger 600",
    "48": "Hawk T1",
    "49": "A380",
    "50": "777-300",
    "51": "E-190",
    "52": "DHC-8-100",
    "53": "Cessna 525",
    "54": "Metroliner",
    "55": "EMB-120",
    "56": "Tu-134",
    "57": "Embraer Legacy 600",
    "58": "Gulfstream IV",
    "59": "Tu-154",
    "60": "MD-87",
    "61": "A300B4",
    "62": "A340-600",
    "63": "A340-500",
    "64": "MD-11",
    "65": "707-320",
    "66": "Cessna 208",
    "67": "Global Express",
    "68": "A319",
    "69": "DH-82",
    "70": "737-900",
    "71": "757-300",
    "72": "767-200",
    "73": "A310",
    "74": "A320",
    "75": "BAE 146-300",
    "76": "CRJ-900",
    "77": "DC-10",
    "78": "DC-8",
    "79": "DC-9-30",
    "80": "DHC-8-300",
    "81": "Gulfstream V",
    "82": "SR-20",
    "83": "Tornado",
    "84": "Yak-42",
    "85": "737-400",
    "86": "737-800",
    "87": "757-200",
    "88": "767-400",
    "89": "ATR-42",
    "90": "BAE-125",
    "91": "Beechcraft 1900",
    "92": "Boeing 717",
    "93": "CRJ-200",
    "94": "CRJ-700",
    "95": "E-170",
    "96": "L-1011",
    "97": "MD-90",
    "98": "Saab 2000",
    "99": "Spitfire"
  },
  "path": "/path/to/records/aircraft",
  "file_pattern": "{}.tfrecords",
  "__class__": "DatasetSpecification"
}
