{
  "name": "cu_birds",
  "classes_per_split": {
    "TRAIN": 140,
    "VALID": 30,
    "TEST": 30
  },
  "images_per_class": {
    "0": 58,
    "1": 60,
    "2": 60,
    "3": 56,
    "4": 60,
    "5": 60,
    "6": 60,
    "7": 45,
    "8": 60,
    "9": 60,
    "10": 60,
    "11": 60,
    "12": 59,
    "13": 59,
    "14": 58,
    "15": 59,
    "16": 59,
    "17": 60,
    "18": 60,
    "19": 58,
    "20": 49,
    "21": 59,
    "22": 60,
    "23": 60,
    "24": 60,
    "25": 60,
    "26": 60,
    "27": 60,
    "28": 60,
    "29": 60,
    "30": 60,
    "31": 60,
    "32": 60,
    "33": 60,
    "34": 53,
    "35": 59,
    "36": 60,
    "37": 53,
    "38": 60,
    "39": 60,
    "40": 60,
    "41": 60,
    "42": 60,
    "43": 60,
    "44": 60,
    "45": 60,
    "46": 60,
    "47": 59,
    "48": 60,
    "49": 60,
    "50": 60,
    "51": 60,
    "52": 57,
    "53": 59,
    "54": 60,
    "55": 60,
    "56": 60,
    "57": 60,
    "58": 60,
    "59": 60,
    "60": 41,
    "61": 60,
    "62": 59,
    "63": 60,
    "64": 60,
    "65": 59,
    "66": 59,
    "67": 60,
    "68": 60,
    "69": 60,
    "70": 59,
    "71": 60,
    "72": 60,
    "73": 60,
    "74": 59,
    "75": 59,
    "76": 60,
    "77": 52,
    "78": 60,
    "79": 51,
    "80": 44,
    "81": 60,
    "82": 60,
    "83": 60,
    "84": 59,
    "85": 57,
    "86": 59,
    "87": 59,
    "88": 60,
    "89": 60,
    "90": 60,
    "91": 60,
    "92": 59,
    "93": 60,
    "94": 60,
    "95": 60,
    "96": 60,
    "97": 60,
    "98": 58,
    "99": 60,
    "100": 60,
    "101": 60,
    "102": 59,
    "103": 60,
    "104": 59,
    "105": 60,
    "106": 60,
    "107": 60,
    "108": 60,
    "109": 50,
    "110": 58,
    "111": 60,
    "112": 60,
    "113": 60,
    "114": 59,
    "115": 60,
    "116": 60,
    "117": 60,
    "118": 60,
    "119": 60,
    "120": 60,
    "121": 60,
    "122": 59,
    "123": 60,
    "124": 60,
    "125": 56,
    "126": 60,
    "127": 60,
    "128": 60,
    "129": 60,
    "130": 59,
    "131": 60,
    "132": 59,
    "133": 60,
    "134": 60,
    "135": 60,
    "136": 60,
    "137": 50,
    "138": 60,
    "139": 59,
    "140": 60,
    "141": 60,
    "142": 60,
    "143": 60,
    "144": 60,
    "145": 60,
    "146": 60,
    "147": 60,
    "148": 60,
    "149": 60,
    "150": 60,
    "151": 60,
    "152": 53,
    "153": 60,
    "154": 50,
    "155": 60,
    "156": 60,
    "157": 60,
    "158": 60,
    "159": 60,
    "160": 60,
    "161": 60,
    "162": 60,
    "163": 60,
    "164": 60,
    "165": 60,
    "166": 56,
    "167": 60,
    "168": 60,
    "169": 60,
    "170": 48,
    "171": 59,
    "172": 58,
    "173": 59,
    "174": 59,
    "175": 60,
    "176": 60,
    "177": 59,
    "178": 60,
    "179": 60,
    "180": 60,
    "181": 60,
    "182": 60,
    "183": 50,
    "184": 60,
    "185": 60,
    "186": 60,
    "187": 60,
    "188": 60,
    "189": 60,
    "190": 60,
    "191": 60,
    "192": 60,
    "193": 60,
    "194": 60,
    "195": 59,
    "196": 59,
    "197": 60,
    "198": 60,
    "199": 60
  },
  "class_names": {
    "0": "190.Red_cockaded_Woodpecker",
    "1": "144.Common_Tern",
    "2": "014.Indigo_Bunting",
    "3": "012.Yellow_headed_Blackbird",
    "4": "059.California_Gull",
    "5": "031.Black_billed_Cuckoo",
    "6": "071.Long_tailed_Jaeger",
    "7": "018.Spotted_Catbird",
    "8": "177.Prothonotary_Warbler",
    "9": "040.Olive_sided_Flycatcher",
    "10": "063.Ivory_Gull",
    "11": "073.Blue_Jay",
    "12": "166.Golden_winged_Warbler",
    "13": "160.Black_throated_Blue_Warbler",
    "14": "016.Painted_Bunting",
    "15": "149.Brown_Thrasher",
    "16": "126.Nelson_Sharp_tailed_Sparrow",
    "17": "090.Red_breasted_Merganser",
    "18": "074.Florida_Jay",
    "19": "058.Pigeon_Guillemot",
    "20": "105.Whip_poor_Will",
    "21": "043.Yellow_bellied_Flycatcher",
    "22": "158.Bay_breasted_Warbler",
    "23": "192.Downy_Woodpecker",
    "24": "129.Song_Sparrow",
    "25": "161.Blue_winged_Warbler",
    "26": "132.White_crowned_Sparrow",
    "27": "146.Forsters_Tern",
    "28": "011.Rusty_Blackbird",
    "29": "070.Green_Violetear",
    "30": "197.Marsh_Wren",
    "31": "041.Scissor_tailed_Flycatcher",
    "32": "100.Brown_Pelican",
    "33": "120.Fox_Sparrow",
    "34": "032.Mangrove_Cuckoo",
    "35": "119.Field_Sparrow",
    "36": "183.Northern_Waterthrush",
    "37": "007.Parakeet_Auklet",
    "38": "053.Western_Grebe",
    "39": "001.Black_footed_Albatross",
    "40": "102.Western_Wood_Pewee",
    "41": "164.Cerulean_Warbler",
    "42": "036.Northern_Flicker",
    "43": "131.Vesper_Sparrow",
    "44": "098.Scott_Oriole",
    "45": "188.Pileated_Woodpecker",
    "46": "139.Scarlet_Tanager",
    "47": "107.Common_Raven",
    "48": "108.White_necked_Raven",
    "49": "184.Louisiana_Waterthrush",
    "50": "099.Ovenbird",
    "51": "171.Myrtle_Warbler",
    "52": "075.Green_Jay",
    "53": "097.Orchard_Oriole",
    "54": "152.Blue_headed_Vireo",
    "55": "173.Orange_crowned_Warbler",
    "56": "095.Baltimore_Oriole",
    "57": "042.Vermilion_Flycatcher",
    "58": "054.Blue_Grosbeak",
    "59": "079.Belted_Kingfisher",
    "60": "006.Least_Auklet",
    "61": "142.Black_Tern",
    "62": "078.Gray_Kingbird",
    "63": "047.American_Goldfinch",
    "64": "050.Eared_Grebe",
    "65": "037.Acadian_Flycatcher",
    "66": "196.House_Wren",
    "67": "083.White_breasted_Kingfisher",
    "68": "062.Herring_Gull",
    "69": "138.Tree_Swallow",
    "70": "060.Glaucous_winged_Gull",
    "71": "182.Yellow_Warbler",
    "72": "027.Shiny_Cowbird",
    "73": "174.Palm_Warbler",
    "74": "157.Yellow_throated_Vireo",
    "75": "117.Clay_colored_Sparrow",
    "76": "175.Pine_Warbler",
    "77": "024.Red_faced_Cormorant",
    "78": "106.Horned_Puffin",
    "79": "151.Black_capped_Vireo",
    "80": "005.Crested_Auklet",
    "81": "185.Bohemian_Waxwing",
    "82": "049.Boat_tailed_Grackle",
    "83": "010.Red_winged_Blackbird",
    "84": "153.Philadelphia_Vireo",
    "85": "017.Cardinal",
    "86": "023.Brandt_Cormorant",
    "87": "115.Brewer_Sparrow",
    "88": "104.American_Pipit",
    "89": "109.American_Redstart",
    "90": "167.Hooded_Warbler",
    "91": "123.Henslow_Sparrow",
    "92": "019.Gray_Catbird",
    "93": "067.Anna_Hummingbird",
    "94": "081.Pied_Kingfisher",
    "95": "077.Tropical_Kingbird",
    "96": "088.Western_Meadowlark",
    "97": "048.European_Goldfinch",
    "98": "141.Artic_Tern",
    "99": "013.Bobolink",
    "100": "029.American_Crow",
    "101": "025.Pelagic_Cormorant",
    "102": "135.Bank_Swallow",
    "103": "056.Pine_Grosbeak",
    "104": "179.Tennessee_Warbler",
    "105": "087.Mallard",
    "106": "195.Carolina_Wren",
    "107": "038.Great_Crested_Flycatcher",
    "108": "092.Nighthawk",
    "109": "187.American_Three_toed_Woodpecker",
    "110": "003.Sooty_Albatross",
    "111": "004.Groove_billed_Ani",
    "112": "156.White_eyed_Vireo",
    "113": "180.Wilson_Warbler",
    "114": "034.Gray_crowned_Rosy_Finch",
    "115": "093.Clark_Nutcracker",
    "116": "110.Geococcyx",
    "117": "154.Red_eyed_Vireo",
    "118": "143.Caspian_Tern",
    "119": "089.Hooded_Merganser",
    "120": "186.Cedar_Waxwing",
    "121": "069.Rufous_Hummingbird",
    "122": "125.Lincoln_Sparrow",
    "123": "026.Bronzed_Cowbird",
    "124": "111.Loggerhead_Shrike",
    "125": "022.Chuck_will_Widow",
    "126": "165.Chestnut_sided_Warbler",
    "127": "021.Eastern_Towhee",
    "128": "191.Red_headed_Woodpecker",
    "129": "086.Pacific_Loon",
    "130": "124.Le_Conte_Sparrow",
    "131": "002.Laysan_Albatross",
    "132": "033.Yellow_billed_Cuckoo",
    "133": "189.Red_bellied_Woodpecker",
    "134": "116.Chipping_Sparrow",
    "135": "130.Tree_Sparrow",
    "136": "114.Black_throated_Sparrow",
    "137": "065.Slaty_backed_Gull",
    "138": "091.Mockingbird",
    "139": "181.Worm_eating_Warbler",
    "140": "044.Frigatebird",
    "141": "051.Horned_Grebe",
    "142": "052.Pied_billed_Grebe",
    "143": "055.Evening_Grosbeak",
    "144": "057.Rose_breasted_Grosbeak",
    "145": "061.Heermann_Gull",
    "146": "064.Ring_billed_Gull",
    "147": "066.Western_Gull",
    "148": "068.Ruby_throated_Hummingbird",
    "149": "072.Pomarine_Jaeger",
    "150": "076.Dark_eyed_Junco",
    "151": "080.Green_Kingfisher",
    "152": "084.Red_legged_Kittiwake",
    "153": "096.Hooded_Oriole",
    "154": "113.Baird_Sparrow",
    "155": "121.Grasshopper_Sparrow",
    "156": "127.Savannah_Sparrow",
    "157": "136.Barn_Swallow",
    "158": "140.Summer_Tanager",
    "159": "145.Elegant_Tern",
    "160": "150.Sage_Thrasher",
    "161": "155.Warbling_Vireo",
    "162": "159.Black_and_white_Warbler",
    "163": "162.Canada_Warbler",
    "164": "172.Nashville_Warbler",
    "165": "176.Prairie_Warbler",
    "166": "178.Swainson_Warbler",
    "167": "198.Rock_Wren",
    "168": "199.Winter_Wren",
    "169": "200.Common_Yellowthroat",
    "170": "008.Rhinoceros_Auklet",
    "171": "009.Brewer_Blackbird",
    "172": "015.Lazuli_Bunting",
    "173": "020.Yellow_breasted_Chat",
    "174": "028.Brown_Creeper",
    "175": "030.Fish_Crow",
    "176": "035.Purple_Finch",
    "177": "039.Least_Flycatcher",
    "178": "045.Northern_Fulmar",
    "179": "046.Gadwall",
    "180": "082.Ringed_Kingfisher",
    "181": "085.Horned_Lark",
    "182": "094.White_breasted_Nuthatch",
    "183": "101.White_Pelican",
    "184": "103.Sayornis",
    "185": "112.Great_Grey_Shrike",
    "186": "118.House_Sparrow",
    "187": "122.Harris_Sparrow",
    "188": "128.Seaside_Sparrow",
    "189": "133.White_throated_Sparrow",
    "190": "134.Cape_Glossy_Starling",
    "191": "137.Cliff_Swallow",
    "192": "147.Least_Tern",
    "193": "148.Green_tailed_Towhee",
    "194": "163.Cape_May_Warbler",
    "195": "168.Kentucky_Warbler",
    "196": "169.Magnolia_Warbler",
    "197": "170.Mourning_Warbler",
    "198": "193.Bewick_Wren",
    "199": "194.Cactus_Wren"
  },
  "path": "/path/to/records/cu_birds",
  "file_pattern": "{}.tfrecords",
  "__class__": "DatasetSpecification"
}
