{
  "name": "dtd",
  "classes_per_split": {
    "TRAIN": 33,
    "VALID": 7,
    "TEST": 7
  },
  "images_per_class": {
    "0": 120,
    "1": 120,
    "2": 120,
    "3": 120,
    "4": 120,
    "5": 120,
    "6": 120,
    "7": 120,
    "8": 120,
    "9": 120,
    "10": 120,
    "11": 120,
    "12": 120,
    "13": 120,
    "14": 120,
    "15": 120,
    "16": 120,
    "17": 120,
    "18": 120,
    "19": 120,
    "20": 120,
    "21": 120,
    "22": 120,
    "23": 120,
    "24": 120,
    "25": 120,
    "26": 120,
    "27": 120,
    "28": 120,
    "29": 120,
    "30": 120,
    "31": 120,
    "32": 120,
    "33": 120,
    "34": 120,
    "35": 120,
    "36": 120,
    "37": 120,
    "38": 120,
    "39": 120,
    "40": 120,
    "41": 120,
    "42": 120,
    "43": 120,
    "44": 120,
    "45": 120,
    "46": 120
  },
  "class_names": {
    "0": "chequered",
    "1": "braided",
    "2": "interlaced",
    "3": "matted",
    "4": "honeycombed",
    "5": "marbled",
    "6": "veined",
    "7": "frilly",
    "8": "zigzagged",
    "9": "cobwebbed",
    "10": "pitted",
    "11": "waffled",
    "12": "fibrous",
    "13": "flecked",
    "14": "grooved",
    "15": "potholed",
    "16": "blotchy",
    "17": "stained",
    "18": "crystalline",
    "19": "dotted",
    "20": "striped",
    "21": "swirly",
    "22": "meshed",
    "23": "bubbly",
    "24": "studded",
    "25": "pleated",
    "26": "lacelike",
    "27": "polka-dotted",
    "28": "perforated",
    "29": "freckled",
    "30": "smeared",
    "31": "cracked",
    "32": "wrinkled",
    "33": "gauzy",
    "34": "grid",
    "35": "lined",
    "36": "paisley",
    "37": "porous",
    "38": "scaly",
    "39": "spiralled",
    "40": "banded",
    "41": "bumpy",
    "42": "crosshatched",
    "43": "knitted",
    "44": "sprinkled",
    "45": "stratified",
    "46": "woven"
  },
  "path": "/path/to/records/dtd",
  "file_pattern": "{}.tfrecords",
  "__class__": "DatasetSpecification"
}
