{
  "name": "fungi",
  "classes_per_split": {
    "TRAIN": 994,
    "VALID": 200,
    "TEST": 200
  },
  "images_per_class": {
    "0": 200,
    "1": 28,
    "2": 32,
    "3": 15,
    "4": 143,
    "5": 7,
    "6": 246,
    "7": 29,
    "8": 57,
    "9": 47,
    "10": 26,
    "11": 14,
    "12": 20,
    "13": 14,
    "14": 19,
    "15": 112,
    "16": 18,
    "17": 26,
    "18": 80,
    "19": 129,
    "20": 352,
    "21": 180,
    "22": 31,
    "23": 22,
    "24": 57,
    "25": 8,
    "26": 54,
    "27": 10,
    "28": 95,
    "29": 103,
    "30": 8,
    "31": 132,
    "32": 180,
    "33": 24,
    "34": 27,
    "35": 156,
    "36": 57,
    "37": 47,
    "38": 205,
    "39": 68,
    "40": 129,
    "41": 118,
    "42": 19,
    "43": 87,
    "44": 80,
    "45": 12,
    "46": 10,
    "47": 46,
    "48": 7,
    "49": 110,
    "50": 101,
    "51": 23,
    "52": 23,
    "53": 163,
    "54": 71,
    "55": 11,
    "56": 29,
    "57": 78,
    "58": 46,
    "59": 13,
    "60": 52,
    "61": 16,
    "62": 289,
    "63": 214,
    "64": 138,
    "65": 29,
    "66": 23,
    "67": 175,
    "68": 196,
    "69": 25,
    "70": 40,
    "71": 87,
    "72": 22,
    "73": 22,
    "74": 87,
    "75": 68,
    "76": 146,
    "77": 17,
    "78": 35,
    "79": 33,
    "80": 18,
    "81": 177,
    "82": 69,
    "83": 50,
    "84": 74,
    "85": 99,
    "86": 149,
    "87": 52,
    "88": 123,
    "89": 43,
    "90": 29,
    "91": 16,
    "92": 47,
    "93": 83,
    "94": 12,
    "95": 41,
    "96": 22,
    "97": 47,
    "98": 53,
    "99": 19,
    "100": 12,
    "101": 19,
    "102": 59,
    "103": 14,
    "104": 98,
    "105": 111,
    "106": 13,
    "107": 69,
    "108": 61,
    "109": 83,
    "110": 124,
    "111": 26,
    "112": 12,
    "113": 25,
    "114": 30,
    "115": 122,
    "116": 28,
    "117": 136,
    "118": 195,
    "119": 51,
    "120": 84,
    "121": 19,
    "122": 13,
    "123": 15,
    "124": 49,
    "125": 9,
    "126": 375,
    "127": 195,
    "128": 33,
    "129": 54,
    "130": 11,
    "131": 160,
    "132": 83,
    "133": 47,
    "134": 48,
    "135": 36,
    "136": 14,
    "137": 55,
    "138": 36,
    "139": 21,
    "140": 146,
    "141": 62,
    "142": 98,
    "143": 30,
    "144": 89,
    "145": 26,
    "146": 79,
    "147": 76,
    "148": 44,
    "149": 48,
    "150": 10,
    "151": 9,
    "152": 406,
    "153": 82,
    "154": 85,
    "155": 85,
    "156": 22,
    "157": 71,
    "158": 6,
    "159": 33,
    "160": 7,
    "161": 36,
    "162": 120,
    "163": 68,
    "164": 9,
    "165": 110,
    "166": 97,
    "167": 40,
    "168": 41,
    "169": 41,
    "170": 11,
    "171": 55,
    "172": 66,
    "173": 13,
    "174": 97,
    "175": 179,
    "176": 18,
    "177": 15,
    "178": 18,
    "179": 24,
    "180": 47,
    "181": 20,
    "182": 59,
    "183": 76,
    "184": 28,
    "185": 17,
    "186": 17,
    "187": 14,
    "188": 8,
    "189": 26,
    "190": 112,
    "191": 7,
    "192": 181,
    "193": 14,
    "194": 26,
    "195": 222,
    "196": 71,
    "197": 17,
    "198": 78,
    "199": 15,
    "200": 13,
    "201": 140,
    "202": 119,
    "203": 108,
    "204": 45,
    "205": 125,
    "206": 46,
    "207": 96,
    "208": 20,
    "209": 88,
    "210": 23,
    "211": 27,
    "212": 56,
    "213": 20,
    "214": 14,
    "215": 231,
    "216": 442,
    "217": 110,
    "218": 94,
    "219": 55,
    "220": 88,
    "221": 125,
    "222": 36,
    "223": 78,
    "224": 62,
    "225": 100,
    "226": 54,
    "227": 23,
    "228": 37,
    "229": 146,
    "230": 63,
    "231": 178,
    "232": 18,
    "233": 45,
    "234": 42,
    "235": 27,
    "236": 110,
    "237": 27,
    "238": 36,
    "239": 93,
    "240": 39,
    "241": 25,
    "242": 24,
    "243": 52,
    "244": 37,
    "245": 85,
    "246": 14,
    "247": 149,
    "248": 22,
    "249": 36,
    "250": 42,
    "251": 146,
    "252": 138,
    "253": 96,
    "254": 42,
    "255": 24,
    "256": 61,
    "257": 13,
    "258": 7,
    "259": 8,
    "260": 25,
    "261": 108,
    "262": 13,
    "263": 96,
    "264": 61,
    "265": 50,
    "266": 66,
    "267": 173,
    "268": 94,
    "269": 133,
    "270": 233,
    "271": 26,
    "272": 125,
    "273": 8,
    "274": 31,
    "275": 90,
    "276": 81,
    "277": 24,
    "278": 22,
    "279": 12,
    "280": 32,
    "281": 72,
    "282": 29,
    "283": 77,
    "284": 10,
    "285": 27,
    "286": 28,
    "287": 32,
    "288": 22,
    "289": 12,
    "290": 44,
    "291": 20,
    "292": 46,
    "293": 18,
    "294": 11,
    "295": 16,
    "296": 6,
    "297": 135,
    "298": 56,
    "299": 75,
    "300": 34,
    "301": 45,
    "302": 10,
    "303": 39,
    "304": 14,
    "305": 23,
    "306": 28,
    "307": 53,
    "308": 23,
    "309": 8,
    "310": 214,
    "311": 45,
    "312": 43,
    "313": 88,
    "314": 46,
    "315": 15,
    "316": 77,
    "317": 115,
    "318": 24,
    "319": 25,
    "320": 20,
    "321": 149,
    "322": 56,
    "323": 8,
    "324": 33,
    "325": 28,
    "326": 44,
    "327": 32,
    "328": 6,
    "329": 49,
    "330": 84,
    "331": 23,
    "332": 57,
    "333": 132,
    "334": 17,
    "335": 12,
    "336": 163,
    "337": 23,
    "338": 52,
    "339": 100,
    "340": 95,
    "341": 14,
    "342": 9,
    "343": 18,
    "344": 26,
    "345": 126,
    "346": 50,
    "347": 65,
    "348": 7,
    "349": 59,
    "350": 155,
    "351": 38,
    "352": 46,
    "353": 43,
    "354": 110,
    "355": 71,
    "356": 16,
    "357": 9,
    "358": 31,
    "359": 57,
    "360": 123,
    "361": 185,
    "362": 128,
    "363": 54,
    "364": 33,
    "365": 35,
    "366": 79,
    "367": 72,
    "368": 34,
    "369": 16,
    "370": 7,
    "371": 8,
    "372": 135,
    "373": 13,
    "374": 285,
    "375": 17,
    "376": 38,
    "377": 13,
    "378": 143,
    "379": 101,
    "380": 374,
    "381": 157,
    "382": 64,
    "383": 33,
    "384": 82,
    "385": 11,
    "386": 239,
    "387": 11,
    "388": 22,
    "389": 40,
    "390": 7,
    "391": 34,
    "392": 100,
    "393": 6,
    "394": 132,
    "395": 30,
    "396": 94,
    "397": 9,
    "398": 170,
    "399": 329,
    "400": 10,
    "401": 41,
    "402": 57,
    "403": 43,
    "404": 61,
    "405": 51,
    "406": 15,
    "407": 85,
    "408": 313,
    "409": 20,
    "410": 86,
    "411": 95,
    "412": 19,
    "413": 20,
    "414": 109,
    "415": 21,
    "416": 64,
    "417": 34,
    "418": 25,
    "419": 29,
    "420": 155,
    "421": 16,
    "422": 10,
    "423": 51,
    "424": 37,
    "425": 37,
    "426": 60,
    "427": 30,
    "428": 59,
    "429": 414,
    "430": 50,
    "431": 68,
    "432": 7,
    "433": 48,
    "434": 27,
    "435": 17,
    "436": 8,
    "437": 24,
    "438": 15,
    "439": 38,
    "440": 18,
    "441": 190,
    "442": 32,
    "443": 49,
    "444": 133,
    "445": 27,
    "446": 193,
    "447": 8,
    "448": 238,
    "449": 40,
    "450": 12,
    "451": 28,
    "452": 24,
    "453": 51,
    "454": 16,
    "455": 32,
    "456": 50,
    "457": 94,
    "458": 106,
    "459": 60,
    "460": 141,
    "461": 51,
    "462": 112,
    "463": 94,
    "464": 95,
    "465": 6,
    "466": 10,
    "467": 119,
    "468": 84,
    "469": 20,
    "470": 82,
    "471": 223,
    "472": 120,
    "473": 90,
    "474": 136,
    "475": 22,
    "476": 56,
    "477": 46,
    "478": 105,
    "479": 128,
    "480": 12,
    "481": 55,
    "482": 27,
    "483": 14,
    "484": 20,
    "485": 12,
    "486": 152,
    "487": 61,
    "488": 112,
    "489": 61,
    "490": 70,
    "491": 60,
    "492": 48,
    "493": 29,
    "494": 92,
    "495": 75,
    "496": 130,
    "497": 29,
    "498": 16,
    "499": 28,
    "500": 8,
    "501": 37,
    "502": 26,
    "503": 291,
    "504": 92,
    "505": 171,
    "506": 239,
    "507": 6,
    "508": 45,
    "509": 12,
    "510": 77,
    "511": 118,
    "512": 22,
    "513": 88,
    "514": 60,
    "515": 219,
    "516": 19,
    "517": 28,
    "518": 155,
    "519": 143,
    "520": 35,
    "521": 106,
    "522": 36,
    "523": 77,
    "524": 13,
    "525": 108,
    "526": 56,
    "527": 141,
    "528": 18,
    "529": 170,
    "530": 38,
    "531": 71,
    "532": 228,
    "533": 166,
    "534": 45,
    "535": 64,
    "536": 33,
    "537": 41,
    "538": 14,
    "539": 10,
    "540": 42,
    "541": 7,
    "542": 20,
    "543": 31,
    "544": 25,
    "545": 50,
    "546": 53,
    "547": 8,
    "548": 66,
    "549": 32,
    "550": 20,
    "551": 16,
    "552": 74,
    "553": 57,
    "554": 113,
    "555": 154,
    "556": 99,
    "557": 32,
    "558": 88,
    "559": 48,
    "560": 15,
    "561": 80,
    "562": 171,
    "563": 159,
    "564": 9,
    "565": 6,
    "566": 155,
    "567": 41,
    "568": 43,
    "569": 69,
    "570": 61,
    "571": 17,
    "572": 73,
    "573": 20,
    "574": 21,
    "575": 60,
    "576": 8,
    "577": 18,
    "578": 122,
    "579": 15,
    "580": 20,
    "581": 19,
    "582": 51,
    "583": 8,
    "584": 77,
    "585": 168,
    "586": 15,
    "587": 38,
    "588": 298,
    "589": 64,
    "590": 10,
    "591": 28,
    "592": 65,
    "593": 7,
    "594": 63,
    "595": 8,
    "596": 9,
    "597": 171,
    "598": 30,
    "599": 52,
    "600": 19,
    "601": 61,
    "602": 9,
    "603": 28,
    "604": 76,
    "605": 60,
    "606": 126,
    "607": 61,
    "608": 103,
    "609": 9,
    "610": 29,
    "611": 7,
    "612": 113,
    "613": 23,
    "614": 184,
    "615": 46,
    "616": 99,
    "617": 9,
    "618": 7,
    "619": 197,
    "620": 15,
    "621": 8,
    "622": 59,
    "623": 39,
    "624": 23,
    "625": 23,
    "626": 121,
    "627": 8,
    "628": 67,
    "629": 33,
    "630": 130,
    "631": 12,
    "632": 62,
    "633": 11,
    "634": 20,
    "635": 25,
    "636": 92,
    "637": 23,
    "638": 66,
    "639": 29,
    "640": 127,
    "641": 70,
    "642": 110,
    "643": 144,
    "644": 61,
    "645": 31,
    "646": 212,
    "647": 33,
    "648": 86,
    "649": 16,
    "650": 26,
    "651": 96,
    "652": 86,
    "653": 49,
    "654": 154,
    "655": 66,
    "656": 12,
    "657": 46,
    "658": 35,
    "659": 17,
    "660": 44,
    "661": 65,
    "662": 104,
    "663": 7,
    "664": 26,
    "665": 155,
    "666": 59,
    "667": 52,
    "668": 111,
    "669": 27,
    "670": 76,
    "671": 70,
    "672": 181,
    "673": 43,
    "674": 90,
    "675": 7,
    "676": 48,
    "677": 12,
    "678": 19,
    "679": 20,
    "680": 145,
    "681": 66,
    "682": 162,
    "683": 70,
    "684": 116,
    "685": 44,
    "686": 155,
    "687": 77,
    "688": 105,
    "689": 15,
    "690": 12,
    "691": 64,
    "692": 83,
    "693": 64,
    "694": 35,
    "695": 31,
    "696": 34,
    "697": 110,
    "698": 18,
    "699": 118,
    "700": 100,
    "701": 198,
    "702": 60,
    "703": 7,
    "704": 52,
    "705": 107,
    "706": 65,
    "707": 17,
    "708": 27,
    "709": 190,
    "710": 86,
    "711": 163,
    "712": 128,
    "713": 105,
    "714": 9,
    "715": 66,
    "716": 82,
    "717": 149,
    "718": 10,
    "719": 108,
    "720": 40,
    "721": 29,
    "722": 49,
    "723": 179,
    "724": 46,
    "725": 14,
    "726": 14,
    "727": 59,
    "728": 24,
    "729": 15,
    "730": 31,
    "731": 98,
    "732": 68,
    "733": 37,
    "734": 236,
    "735": 13,
    "736": 55,
    "737": 11,
    "738": 20,
    "739": 28,
    "740": 85,
    "741": 29,
    "742": 17,
    "743": 54,
    "744": 68,
    "745": 80,
    "746": 15,
    "747": 34,
    "748": 133,
    "749": 224,
    "750": 11,
    "751": 27,
    "752": 84,
    "753": 135,
    "754": 13,
    "755": 23,
    "756": 155,
    "757": 143,
    "758": 120,
    "759": 99,
    "760": 46,
    "761": 33,
    "762": 50,
    "763": 25,
    "764": 278,
    "765": 44,
    "766": 69,
    "767": 65,
    "768": 149,
    "769": 17,
    "770": 16,
    "771": 48,
    "772": 19,
    "773": 22,
    "774": 52,
    "775": 25,
    "776": 7,
    "777": 24,
    "778": 70,
    "779": 20,
    "780": 111,
    "781": 103,
    "782": 52,
    "783": 29,
    "784": 46,
    "785": 136,
    "786": 6,
    "787": 7,
    "788": 55,
    "789": 11,
    "790": 32,
    "791": 55,
    "792": 17,
    "793": 13,
    "794": 98,
    "795": 157,
    "796": 19,
    "797": 25,
    "798": 33,
    "799": 63,
    "800": 42,
    "801": 67,
    "802": 85,
    "803": 135,
    "804": 115,
    "805": 125,
    "806": 12,
    "807": 29,
    "808": 130,
    "809": 35,
    "810": 45,
    "811": 40,
    "812": 84,
    "813": 43,
    "814": 22,
    "815": 67,
    "816": 52,
    "817": 9,
    "818": 129,
    "819": 25,
    "820": 83,
    "821": 94,
    "822": 44,
    "823": 12,
    "824": 23,
    "825": 11,
    "826": 9,
    "827": 19,
    "828": 199,
    "829": 95,
    "830": 50,
    "831": 196,
    "832": 66,
    "833": 12,
    "834": 7,
    "835": 123,
    "836": 30,
    "837": 122,
    "838": 66,
    "839": 16,
    "840": 91,
    "841": 11,
    "842": 23,
    "843": 31,
    "844": 42,
    "845": 71,
    "846": 32,
    "847": 114,
    "848": 96,
    "849": 76,
    "850": 21,
    "851": 173,
    "852": 16,
    "853": 7,
    "854": 132,
    "855": 119,
    "856": 132,
    "857": 71,
    "858": 20,
    "859": 17,
    "860": 101,
    "861": 24,
    "862": 68,
    "863": 140,
    "864": 41,
    "865": 73,
    "866": 59,
    "867": 265,
    "868": 9,
    "869": 99,
    "870": 35,
    "871": 60,
    "872": 16,
    "873": 41,
    "874": 8,
    "875": 27,
    "876": 79,
    "877": 62,
    "878": 37,
    "879": 13,
    "880": 99,
    "881": 90,
    "882": 13,
    "883": 182,
    "884": 98,
    "885": 8,
    "886": 183,
    "887": 109,
    "888": 89,
    "889": 12,
    "890": 55,
    "891": 47,
    "892": 19,
    "893": 55,
    "894": 13,
    "895": 65,
    "896": 22,
    "897": 22,
    "898": 192,
    "899": 27,
    "900": 59,
    "901": 72,
    "902": 68,
    "903": 23,
    "904": 71,
    "905": 124,
    "906": 25,
    "907": 27,
    "908": 216,
    "909": 48,
    "910": 8,
    "911": 43,
    "912": 93,
    "913": 10,
    "914": 24,
    "915": 12,
    "916": 10,
    "917": 21,
    "918": 13,
    "919": 134,
    "920": 419,
    "921": 58,
    "922": 15,
    "923": 69,
    "924": 37,
    "925": 17,
    "926": 24,
    "927": 29,
    "928": 21,
    "929": 66,
    "930": 155,
    "931": 92,
    "932": 130,
    "933": 8,
    "934": 13,
    "935": 50,
    "936": 83,
    "937": 33,
    "938": 48,
    "939": 11,
    "940": 29,
    "941": 15,
    "942": 49,
    "943": 35,
    "944": 50,
    "945": 6,
    "946": 29,
    "947": 37,
    "948": 31,
    "949": 83,
    "950": 11,
    "951": 21,
    "952": 119,
    "953": 22,
    "954": 80,
    "955": 96,
    "956": 76,
    "957": 80,
    "958": 33,
    "959": 34,
    "960": 86,
    "961": 75,
    "962": 32,
    "963": 75,
    "964": 23,
    "965": 24,
    "966": 13,
    "967": 24,
    "968": 46,
    "969": 142,
    "970": 25,
    "971": 61,
    "972": 21,
    "973": 96,
    "974": 21,
    "975": 36,
    "976": 8,
    "977": 92,
    "978": 13,
    "979": 29,
    "980": 12,
    "981": 20,
    "982": 119,
    "983": 61,
    "984": 30,
    "985": 22,
    "986": 97,
    "987": 115,
    "988": 18,
    "989": 13,
    "990": 215,
    "991": 39,
    "992": 10,
    "993": 36,
    "994": 74,
    "995": 128,
    "996": 19,
    "997": 13,
    "998": 137,
    "999": 13,
    "1000": 19,
    "1001": 61,
    "1002": 71,
    "1003": 105,
    "1004": 18,
    "1005": 17,
    "1006": 34,
    "1007": 79,
    "1008": 126,
    "1009": 15,
    "1010": 147,
    "1011": 47,
    "1012": 111,
    "1013": 64,
    "1014": 33,
    "1015": 6,
    "1016": 144,
    "1017": 26,
    "1018": 37,
    "1019": 48,
    "1020": 63,
    "1021": 93,
    "1022": 31,
    "1023": 28,
    "1024": 116,
    "1025": 55,
    "1026": 58,
    "1027": 223,
    "1028": 80,
    "1029": 11,
    "1030": 11,
    "1031": 7,
    "1032": 72,
    "1033": 24,
    "1034": 20,
    "1035": 32,
    "1036": 110,
    "1037": 99,
    "1038": 9,
    "1039": 53,
    "1040": 38,
    "1041": 90,
    "1042": 86,
    "1043": 39,
    "1044": 34,
    "1045": 16,
    "1046": 36,
    "1047": 11,
    "1048": 90,
    "1049": 56,
    "1050": 13,
    "1051": 21,
    "1052": 19,
    "1053": 308,
    "1054": 211,
    "1055": 8,
    "1056": 32,
    "1057": 143,
    "1058": 342,
    "1059": 15,
    "1060": 81,
    "1061": 12,
    "1062": 14,
    "1063": 31,
    "1064": 50,
    "1065": 69,
    "1066": 36,
    "1067": 56,
    "1068": 81,
    "1069": 22,
    "1070": 71,
    "1071": 55,
    "1072": 146,
    "1073": 186,
    "1074": 25,
    "1075": 63,
    "1076": 16,
    "1077": 8,
    "1078": 129,
    "1079": 10,
    "1080": 31,
    "1081": 145,
    "1082": 211,
    "1083": 31,
    "1084": 40,
    "1085": 68,
    "1086": 33,
    "1087": 66,
    "1088": 46,
    "1089": 82,
    "1090": 68,
    "1091": 129,
    "1092": 33,
    "1093": 24,
    "1094": 11,
    "1095": 69,
    "1096": 56,
    "1097": 51,
    "1098": 47,
    "1099": 117,
    "1100": 10,
    "1101": 11,
    "1102": 33,
    "1103": 51,
    "1104": 18,
    "1105": 123,
    "1106": 90,
    "1107": 15,
    "1108": 42,
    "1109": 75,
    "1110": 109,
    "1111": 94,
    "1112": 50,
    "1113": 61,
    "1114": 41,
    "1115": 79,
    "1116": 72,
    "1117": 13,
    "1118": 35,
    "1119": 118,
    "1120": 37,
    "1121": 12,
    "1122": 31,
    "1123": 91,
    "1124": 41,
    "1125": 53,
    "1126": 18,
    "1127": 13,
    "1128": 20,
    "1129": 48,
    "1130": 10,
    "1131": 65,
    "1132": 19,
    "1133": 37,
    "1134": 29,
    "1135": 21,
    "1136": 29,
    "1137": 92,
    "1138": 57,
    "1139": 24,
    "1140": 87,
    "1141": 56,
    "1142": 43,
    "1143": 25,
    "1144": 38,
    "1145": 83,
    "1146": 40,
    "1147": 8,
    "1148": 29,
    "1149": 48,
    "1150": 67,
    "1151": 74,
    "1152": 50,
    "1153": 79,
    "1154": 29,
    "1155": 77,
    "1156": 22,
    "1157": 110,
    "1158": 30,
    "1159": 88,
    "1160": 207,
    "1161": 78,
    "1162": 33,
    "1163": 14,
    "1164": 22,
    "1165": 43,
    "1166": 69,
    "1167": 23,
    "1168": 17,
    "1169": 40,
    "1170": 6,
    "1171": 120,
    "1172": 52,
    "1173": 89,
    "1174": 162,
    "1175": 19,
    "1176": 21,
    "1177": 15,
    "1178": 30,
    "1179": 51,
    "1180": 141,
    "1181": 150,
    "1182": 28,
    "1183": 123,
    "1184": 196,
    "1185": 56,
    "1186": 26,
    "1187": 19,
    "1188": 199,
    "1189": 20,
    "1190": 67,
    "1191": 9,
    "1192": 75,
    "1193": 91,
    "1194": 136,
    "1195": 20,
    "1196": 84,
    "1197": 80,
    "1198": 95,
    "1199": 9,
    "1200": 86,
    "1201": 66,
    "1202": 45,
    "1203": 63,
    "1204": 71,
    "1205": 173,
    "1206": 145,
    "1207": 15,
    "1208": 49,
    "1209": 22,
    "1210": 46,
    "1211": 24,
    "1212": 6,
    "1213": 57,
    "1214": 100,
    "1215": 54,
    "1216": 131,
    "1217": 18,
    "1218": 29,
    "1219": 147,
    "1220": 23,
    "1221": 13,
    "1222": 161,
    "1223": 63,
    "1224": 66,
    "1225": 93,
    "1226": 217,
    "1227": 10,
    "1228": 8,
    "1229": 7,
    "1230": 6,
    "1231": 364,
    "1232": 219,
    "1233": 220,
    "1234": 33,
    "1235": 26,
    "1236": 29,
    "1237": 236,
    "1238": 8,
    "1239": 57,
    "1240": 68,
    "1241": 29,
    "1242": 119,
    "1243": 128,
    "1244": 143,
    "1245": 76,
    "1246": 113,
    "1247": 14,
    "1248": 30,
    "1249": 17,
    "1250": 31,
    "1251": 85,
    "1252": 131,
    "1253": 106,
    "1254": 34,
    "1255": 39,
    "1256": 33,
    "1257": 112,
    "1258": 12,
    "1259": 12,
    "1260": 32,
    "1261": 139,
    "1262": 11,
    "1263": 13,
    "1264": 18,
    "1265": 20,
    "1266": 15,
    "1267": 84,
    "1268": 129,
    "1269": 20,
    "1270": 19,
    "1271": 68,
    "1272": 22,
    "1273": 108,
    "1274": 36,
    "1275": 17,
    "1276": 41,
    "1277": 54,
    "1278": 84,
    "1279": 72,
    "1280": 123,
    "1281": 62,
    "1282": 11,
    "1283": 148,
    "1284": 91,
    "1285": 45,
    "1286": 22,
    "1287": 23,
    "1288": 66,
    "1289": 40,
    "1290": 79,
    "1291": 21,
    "1292": 7,
    "1293": 36,
    "1294": 118,
    "1295": 76,
    "1296": 22,
    "1297": 30,
    "1298": 9,
    "1299": 140,
    "1300": 68,
    "1301": 129,
    "1302": 53,
    "1303": 41,
    "1304": 8,
    "1305": 164,
    "1306": 27,
    "1307": 49,
    "1308": 10,
    "1309": 53,
    "1310": 198,
    "1311": 25,
    "1312": 53,
    "1313": 12,
    "1314": 124,
    "1315": 25,
    "1316": 19,
    "1317": 59,
    "1318": 139,
    "1319": 122,
    "1320": 25,
    "1321": 14,
    "1322": 154,
    "1323": 36,
    "1324": 53,
    "1325": 10,
    "1326": 73,
    "1327": 17,
    "1328": 22,
    "1329": 38,
    "1330": 137,
    "1331": 50,
    "1332": 55,
    "1333": 37,
    "1334": 29,
    "1335": 70,
    "1336": 91,
    "1337": 28,
    "1338": 45,
    "1339": 130,
    "1340": 15,
    "1341": 123,
    "1342": 20,
    "1343": 49,
    "1344": 12,
    "1345": 39,
    "1346": 169,
    "1347": 127,
    "1348": 40,
    "1349": 73,
    "1350": 155,
    "1351": 18,
    "1352": 92,
    "1353": 46,
    "1354": 24,
    "1355": 12,
    "1356": 19,
    "1357": 95,
    "1358": 54,
    "1359": 36,
    "1360": 8,
    "1361": 80,
    "1362": 122,
    "1363": 114,
    "1364": 161,
    "1365": 8,
    "1366": 255,
    "1367": 21,
    "1368": 27,
    "1369": 17,
    "1370": 22,
    "1371": 93,
    "1372": 21,
    "1373": 13,
    "1374": 71,
    "1375": 340,
    "1376": 101,
    "1377": 9,
    "1378": 7,
    "1379": 65,
    "1380": 109,
    "1381": 40,
    "1382": 37,
    "1383": 65,
    "1384": 11,
    "1385": 27,
    "1386": 68,
    "1387": 64,
    "1388": 38,
    "1389": 20,
    "1390": 83,
    "1391": 55,
    "1392": 74,
    "1393": 27
  },
  "class_names": {
    "0": "0226.Cortinarius malicorius",
    "1": "0283.Cystoderma jasonis",
    "2": "0256.Cortinarius triumphans",
    "3": "0334.Entoloma sepium",
    "4": "0919.Resinicium bicolor",
    "5": "0267.Crepidotus applanatus",
    "6": "1378.Cerioporus varius",
    "7": "1258.Coprinopsis romagnesiana",
    "8": "1025.Spathularia flavida",
    "9": "0144.Clavulinopsis luteoalba",
    "10": "0856.Pluteus ephebeus",
    "11": "0811.Phellinus lundellii",
    "12": "0114.Camarops polysperma",
    "13": "0255.Cortinarius traganus",
    "14": "0585.Lactarius hepaticus",
    "15": "0599.Lactarius romagnesii",
    "16": "1053.Suillus flavidus",
    "17": "1263.Coprinopsis stercorea",
    "18": "0422.Helvella lacunosa",
    "19": "0049.Antrodia serialis",
    "20": "1156.Armillaria lutea",
    "21": "1054.Suillus granulatus",
    "22": "0721.Mycena capillaris",
    "23": "0678.Marasmius bulliardii",
    "24": "0538.Inocybe lanuginosa",
    "25": "1058.Syzygospora tumefaciens",
    "26": "0860.Pluteus nanus",
    "27": "0206.Cortinarius comptulus",
    "28": "0452.Cuphophyllus flavipes",
    "29": "0611.Lactifluus volemus",
    "30": "1306.Lactarius azonites",
    "31": "0751.Mycena sanguinolenta",
    "32": "0753.Mycena speirea",
    "33": "0178.Cheilymenia granulata",
    "34": "1140.Cladonia scabriuscula",
    "35": "0385.Gloeophyllum sepiarium",
    "36": "0668.Macrocystidia cucumis",
    "37": "1217.Parasola plicatilis",
    "38": "0734.Mycena haematopus",
    "39": "0894.Psathyrella pseudogracilis",
    "40": "0451.Hygrocybe conica var. conica",
    "41": "0042.Amanita strobiliformis",
    "42": "0458.Hygrocybe intermedia",
    "43": "1010.Scleroderma areolatum",
    "44": "0497.Hypholoma capnoides",
    "45": "0652.Leucogyrophana mollusca",
    "46": "0284.Cystolepiota adulterina",
    "47": "0030.Amanita crocea",
    "48": "0934.Russula alnetorum",
    "49": "0373.Ganoderma lucidum",
    "50": "0140.Clavulina rugosa",
    "51": "0347.Exidia saccharina",
    "52": "0804.Phaeomarasmius erinaceus",
    "53": "0037.Amanita muscaria",
    "54": "0040.Amanita porphyria",
    "55": "0160.Clitocybe trulliformis",
    "56": "0643.Lepiota subincarnata",
    "57": "0829.Pholiota flammans",
    "58": "0858.Pluteus leoninus",
    "59": "0111.Calyptella capula",
    "60": "0925.Rhytisma acerinum",
    "61": "0767.Nodulisporium cecidiogenes",
    "62": "0499.Hypholoma fasciculare",
    "63": "0269.Crepidotus cesatii",
    "64": "0041.Amanita rubescens var. rubescens",
    "65": "0298.Diatrype disciformis",
    "66": "0513.Hypoxylon howeanum",
    "67": "0775.Mucidula mucida",
    "68": "0215.Cortinarius flexipes",
    "69": "1383.Amyloporia sinuosa",
    "70": "0336.Entoloma sericellum",
    "71": "0411.Hapalopilus rutilans",
    "72": "0630.Lepiota boudieri",
    "73": "1368.Neoboletus luridiformis var. pseudosulphureus",
    "74": "0791.Peniophora lycii",
    "75": "0625.Lentinellus cochleatus",
    "76": "1071.Trametes ochracea",
    "77": "1392.Aureoboletus projectellus",
    "78": "0988.Russula sanguinea",
    "79": "0929.Ripartites tricholoma",
    "80": "0720.Mycena capillaripes",
    "81": "0445.Hygrocybe cantharellus",
    "82": "0361.Fuligo septica",
    "83": "0821.Phlebia rufa",
    "84": "1056.Suillus luteus",
    "85": "1226.Rhodocollybia butyracea f. asema",
    "86": "0738.Mycena leptocephala",
    "87": "0116.Cantharellus amethysteus",
    "88": "1361.Paralepista flaccida",
    "89": "0068.Auricularia mesenterica",
    "90": "1088.Tricholoma basirubens",
    "91": "0471.Hygrocybe spadicea",
    "92": "0406.Gymnosporangium clavariiforme",
    "93": "0168.Coltricia perennis",
    "94": "0710.Mucronella flava",
    "95": "1188.Macrolepiota fuliginosa",
    "96": "0818.Phellodon tomentosus",
    "97": "1315.Hydnum ellipsosporum",
    "98": "1078.Trichaptum abietinum",
    "99": "0769.Otidea alutacea",
    "100": "1167.Cortinarius xanthocephalus",
    "101": "1307.Melanoleuca exscissa",
    "102": "0440.Hydnum rufescens",
    "103": "1212.Taphrina amentorum",
    "104": "1141.Evernia prunastri",
    "105": "0646.Lepista sordida",
    "106": "0967.Russula laeta",
    "107": "1017.Serpula himantioides",
    "108": "0911.Ramaria botrytis",
    "109": "0481.Hygrophorus eburneus",
    "110": "0544.Inocybe sindonia",
    "111": "1309.Pluteus primus",
    "112": "0859.Pluteus luctuosus",
    "113": "0237.Cortinarius phoeniceus",
    "114": "0360.Fuligo septica var. rufa",
    "115": "0109.Calocybe gambosa",
    "116": "0902.Deconica inquilina",
    "117": "0993.Russula undulata",
    "118": "1069.Trametes gibbosa",
    "119": "0844.Physisporinus vitreus",
    "120": "0650.Leucoagaricus leucothites",
    "121": "1330.Hymenoscyphus fraxineus",
    "122": "0437.Hydnellum ferrugineum",
    "123": "0770.Otidea concinna",
    "124": "1369.Cyclocybe erebia",
    "125": "1251.Hygrocybe conicoides",
    "126": "0732.Mycena galericulata",
    "127": "1182.Kuehneromyces mutabilis",
    "128": "0566.Lactarius acerrimus",
    "129": "0130.Chlorociboria aeruginascens",
    "130": "1168.Dermoloma pseudocuneifolium",
    "131": "0031.Amanita excelsa",
    "132": "0900.Pseudohydnum gelatinosum",
    "133": "0402.Gymnopus fusipes",
    "134": "1080.Trichoglossum hirsutum",
    "135": "0323.Entoloma lividoalbum",
    "136": "0199.Cortinarius casimiri",
    "137": "0161.Clitocybe vibecina",
    "138": "1283.Amanita vaginata",
    "139": "1125.Verpa conica",
    "140": "1370.Pseudoinonotus dryadeus",
    "141": "0330.Entoloma prunuloides",
    "142": "0979.Russula pectinatoides",
    "143": "0048.Antrodia malicola",
    "144": "1114.Tubaria conspersa",
    "145": "0188.Cortinarius aprinus",
    "146": "0155.Clitocybe odora var. odora ",
    "147": "1236.Sarcomyxa serotina",
    "148": "0617.Leccinum duriusculum",
    "149": "1055.Suillus grevillei var. grevillei ",
    "150": "0692.Melanoleuca cinereifolia",
    "151": "0895.Psathyrella pygmaea",
    "152": "0086.Xerocomellus chrysenteron",
    "153": "0344.Exidia glandulosa",
    "154": "0376.Geastrum fimbriatum",
    "155": "1000.Russula violeipes",
    "156": "0519.Inocybe agardhii",
    "157": "0601.Lactarius rufus",
    "158": "0238.Cortinarius quarciticus",
    "159": "0084.Hemileccinum impolitum",
    "160": "1065.Thelephora caryophyllea",
    "161": "1052.Suillus collinitus",
    "162": "1154.Xanthoria parietina",
    "163": "0998.Russula veternosa",
    "164": "1144.Lecanora chlarotera",
    "165": "0863.Pluteus phlebophorus",
    "166": "0548.Inonotus cuticularis",
    "167": "0928.Rickenella swartzii",
    "168": "1127.Volvariella hypopithys",
    "169": "1090.Tricholoma cingulatum",
    "170": "1243.Meottomyces dissimulans",
    "171": "0281.Cystoderma carcharias",
    "172": "1049.Leratiomyces squamosus",
    "173": "1202.Propolis farinosa",
    "174": "1147.Lobaria pulmonaria",
    "175": "0446.Hygrocybe ceracea",
    "176": "0125.Ceriporia reticulata",
    "177": "1045.Leratiomyces percevalii",
    "178": "1135.Xylaria carpophila",
    "179": "1239.Hydnum umbilicatum ss auct. eur.",
    "180": "0675.Marasmiellus vaillantii",
    "181": "0841.Phyllotopsis nidulans",
    "182": "0547.Inocybe whitei",
    "183": "1041.Stropharia coronilla",
    "184": "1254.Coprinellus flocculosus",
    "185": "0059.Ascodichaena rugosa",
    "186": "1172.Galerina uncialis",
    "187": "1213.Tephrocybe rancida",
    "188": "0660.Lycoperdon molle",
    "189": "0508.Hypomyces aurantius",
    "190": "1329.Tricholoma inocybeoides",
    "191": "0443.Hygrocybe aurantiosplendens",
    "192": "0612.Laetiporus sulphureus",
    "193": "1271.Agrocybe rivulosa",
    "194": "0456.Neohygrocybe ingrata",
    "195": "0850.Pleurotus ostreatus",
    "196": "0610.Lactarius vietus",
    "197": "0177.Coprinopsis kubickae",
    "198": "1119.Tulostoma brumale",
    "199": "0233.Cortinarius pholideus",
    "200": "0757.Mycena vulgaris",
    "201": "0515.Annulohypoxylon multiforme",
    "202": "1108.Tricholoma sulphureum",
    "203": "1021.Skeletocutis amorpha",
    "204": "0319.Entoloma hebes",
    "205": "0511.Hypoxylon fragiforme",
    "206": "1051.Suillus bovinus",
    "207": "0057.Ascocoryne cylichnium",
    "208": "0120.Capitotricha bicolor",
    "209": "1324.Mycena tenerrima",
    "210": "0340.Entoloma turbidum",
    "211": "0569.Lactarius aspideus",
    "212": "1222.Parasola schroeteri",
    "213": "1073.Trechispora hymenocystis",
    "214": "0473.Hygrocybe turunda",
    "215": "0089.Xerocomellus pruinatus",
    "216": "0852.Plicatura crispa",
    "217": "0108.Calocera viscosa",
    "218": "0924.Rhodocollybia maculata",
    "219": "1001.Russula virescens",
    "220": "0777.Oxyporus populinus",
    "221": "0756.Mycena vitilis",
    "222": "0230.Cortinarius olearioides",
    "223": "0636.Lepiota erminea",
    "224": "1171.Galerina sideroides",
    "225": "1161.Chrysomphalina grossula",
    "226": "0903.Deconica montana",
    "227": "1101.Tricholoma psammopus",
    "228": "1223.Gamundia striatula",
    "229": "0447.Hygrocybe chlorophana",
    "230": "0744.Mycena pseudocorticola",
    "231": "0662.Lycoperdon perlatum",
    "232": "0562.Lachnella alboviolascens",
    "233": "0512.Hypoxylon fuscum",
    "234": "0261.Cortinarius vernus",
    "235": "0252.Cortinarius talus",
    "236": "1229.Chlorophyllum rhacodes",
    "237": "0183.Cortinarius acutus",
    "238": "0107.Calocera furcata",
    "239": "0157.Clitocybe phyllophila",
    "240": "0687.Rhizomarasmius setosus",
    "241": "0143.Clavulinopsis laeticolor",
    "242": "0243.Cortinarius saniosus",
    "243": "0214.Cortinarius elegantissimus",
    "244": "0350.Exidiopsis grisea",
    "245": "0257.Cortinarius trivialis",
    "246": "1160.Calocybe ionides",
    "247": "1272.Hygrocybe coccinea",
    "248": "1351.Sidera vulgaris",
    "249": "0113.Camarophyllopsis schulzeri",
    "250": "0952.Russula emetica",
    "251": "0693.Melanoleuca cognata",
    "252": "1372.Lentinus substrictus",
    "253": "0240.Cortinarius rubellus",
    "254": "0673.Macrotyphula juncea",
    "255": "0167.Coltricia confluens",
    "256": "0364.Galerina hypnorum",
    "257": "0571.Lactarius azonites f. azonites ",
    "258": "0958.Russula gracillima",
    "259": "0429.Hohenbuehelia auriscalpium",
    "260": "0331.Entoloma rhodocalyx",
    "261": "0749.Mycena rosea",
    "262": "0173.Conocybe semiglobata",
    "263": "0171.Conocybe albipes",
    "264": "0664.Lyophyllum decastes",
    "265": "0886.Psathyrella corrugis",
    "266": "1102.Tricholoma saponaceum var. saponaceum ",
    "267": "0076.Bjerkandera adusta",
    "268": "0532.Inocybe fuscidula",
    "269": "0822.Phlebia tremellosa",
    "270": "0280.Cystoderma amianthinum",
    "271": "0638.Lepiota grangei",
    "272": "1035.Stereum subtomentosum",
    "273": "0588.Lactarius mammosus",
    "274": "0752.Mycena silvae-nigrae",
    "275": "0595.Lactarius pubescens",
    "276": "0043.Amanita submembranacea",
    "277": "1207.Russula caerulea",
    "278": "1038.Strobilurus stephanocystis",
    "279": "0819.Phlebia fuscoatra",
    "280": "0147.Infundibulicybe costata",
    "281": "1208.Russula claroflava",
    "282": "0035.Amanita lividopallescens",
    "283": "0051.Armillaria mellea",
    "284": "0930.Rosellinia corticium",
    "285": "0164.Collybia cirrhata",
    "286": "0941.Russula brunneoviolacea",
    "287": "0365.Galerina graminea",
    "288": "1081.Tricholoma aestuans",
    "289": "0317.Entoloma formosum",
    "290": "0870.Pluteus thomsonii",
    "291": "0918.Ramariopsis kunzei",
    "292": "0014.Agaricus litoralis",
    "293": "0773.Otidea phlebophora",
    "294": "0951.Russula clavipes",
    "295": "0524.Inocybe cincinnata var. major",
    "296": "1260.Coprinopsis acuminata",
    "297": "0984.Russula risigallina",
    "298": "1296.Psathyrella bipellis",
    "299": "0594.Lactarius pterosporus",
    "300": "1327.Ciboria amentacea",
    "301": "0709.Morchella semilibera",
    "302": "1365.Granulobasidium vellereum",
    "303": "1174.Gyromitra gigas",
    "304": "0526.Inocybe corydalina",
    "305": "0461.Hygrocybe mucronella",
    "306": "0908.Pucciniastrum areolatum",
    "307": "1389.Xylodon nespori",
    "308": "0388.Glyphium elatum",
    "309": "0465.Cuphophyllus berkeleyi",
    "310": "1377.Cerioporus squamosus",
    "311": "1290.Entoloma chalybaeum",
    "312": "1277.Cortinarius luhmannii",
    "313": "1298.Leccinum cyaneobasileucum",
    "314": "1004.Rutstroemia firma",
    "315": "0797.Peziza badia",
    "316": "1337.Rhodocybe gemina",
    "317": "0813.Phellinus populicola",
    "318": "0228.Cortinarius multiformis",
    "319": "1269.Mycetinis scorodonius",
    "320": "0324.Entoloma mougeotii",
    "321": "0634.Lepiota cristata",
    "322": "1039.Strobilurus tenacellus",
    "323": "0448.Hygrocybe citrinovirens",
    "324": "0311.Entoloma chalybaeum var. chalybaeum ",
    "325": "0774.Otidea bufonia",
    "326": "0504.Hypholoma udum",
    "327": "0415.Hebeloma sacchariolens",
    "328": "0146.Clitocybe alexandri",
    "329": "1385.Phellodon connatus",
    "330": "0367.Galerina paludosa",
    "331": "0476.Gloioxanthomyces vitellinus",
    "332": "1339.Paxillus ammoniavirescens",
    "333": "0676.Mycetinis alliaceus",
    "334": "0308.Entoloma asprellum",
    "335": "0075.Bisporella pallescens",
    "336": "0897.Psathyrella spadiceogrisea",
    "337": "0275.Cudonia circinans",
    "338": "0723.Mycena cinerella",
    "339": "0202.Cortinarius cinnamomeus",
    "340": "1267.Xerocomellus cisalpinus",
    "341": "0748.Mycena renati",
    "342": "0241.Cortinarius rufo-olivaceus",
    "343": "0954.Russula farinipes",
    "344": "0837.Pholiota tuberculosa",
    "345": "0572.Lactarius blennius",
    "346": "0809.Fuscoporia ferruginosa",
    "347": "0551.Inonotus obliquus",
    "348": "1215.Tricholoma apium",
    "349": "0576.Lactarius controversus",
    "350": "0916.Ramaria stricta",
    "351": "0391.Gomphidius roseus",
    "352": "1326.Ceratiomyxa fruticulosa var. porioides",
    "353": "0754.Mycena stipata",
    "354": "0785.Panellus stipticus",
    "355": "0278.Cyathus striatus",
    "356": "0707.Morchella conica",
    "357": "0867.Pluteus roseipes",
    "358": "0691.Melanamphora spinifera",
    "359": "1393.Ombrophila pura",
    "360": "0272.Crepidotus mollis",
    "361": "1195.Mycena tintinnabulum",
    "362": "0629.Echinoderma asperum",
    "363": "0847.Pithya vulgaris",
    "364": "0507.Hypocreopsis lichenoides",
    "365": "0920.Resupinatus applicatus",
    "366": "0343.Eutypa spinosa",
    "367": "0579.Lactarius deterrimus",
    "368": "0135.Clavaria argillacea",
    "369": "0218.Cortinarius helvelloides",
    "370": "1113.Trichopeziza leucophaea",
    "371": "0846.Pithya cupressina",
    "372": "0557.Laccaria amethystina",
    "373": "0771.Otidea leporina",
    "374": "0067.Auricularia auricula-judae",
    "375": "1085.Tricholoma arvernense",
    "376": "0060.Ascotremella faginea",
    "377": "0832.Pholiota jahnii",
    "378": "0348.Exidia thuretiana",
    "379": "0510.Annulohypoxylon cohaerens",
    "380": "1158.Byssomerulius corium",
    "381": "0789.Peniophora incarnata",
    "382": "0050.Antrodiella serpula",
    "383": "1178.Hygrophoropsis pallida",
    "384": "0810.Phellinus igniarius",
    "385": "1286.Cortinarius lepistoides",
    "386": "1384.Sutorius luridiformis",
    "387": "1270.Roridomyces roridus",
    "388": "0450.Cuphophyllus colemannianus",
    "389": "0922.Rhizina undulata",
    "390": "0839.Phragmidium mucronatum",
    "391": "0879.Postia alni",
    "392": "1013.Scleroderma verrucosum",
    "393": "0438.Hydnum albidum",
    "394": "0699.Deconica horizontalis",
    "395": "0597.Lactarius quieticolor",
    "396": "0150.Clitocybe fragrans",
    "397": "1089.Tricholoma batschii",
    "398": "0872.Polyporus tuberaster",
    "399": "0358.Fomitopsis pinicola",
    "400": "0065.Aurantiporus fissilis",
    "401": "0200.Cortinarius bergeronii",
    "402": "0201.Cortinarius cinnabarinus",
    "403": "1118.Tulasnella violea",
    "404": "0377.Geastrum pectinatum",
    "405": "0485.Hygrophorus penarius",
    "406": "1149.Peltigera didactyla",
    "407": "0591.Lactarius pallidus",
    "408": "1072.Trametes versicolor",
    "409": "1166.Cortinarius puniceus",
    "410": "0950.Russula densifolia",
    "411": "1152.Physcia tenella",
    "412": "0923.Rhizopogon obtextus",
    "413": "0002.Agaricus altipes",
    "414": "1148.Parmelia sulcata",
    "415": "1345.Amanita citrina",
    "416": "0455.Hygrocybe helobia",
    "417": "0189.Cortinarius armillatus",
    "418": "0506.Hypocrea pulvinata",
    "419": "0931.Russula acrifolia",
    "420": "1048.Protostropharia semiglobata",
    "421": "0631.Lepiota brunneoincarnata",
    "422": "0314.Entoloma euchroum",
    "423": "0514.Hypoxylon macrocarpum",
    "424": "1074.Tremella encephala",
    "425": "0271.Crepidotus luteolus",
    "426": "1159.Calocybe carnea",
    "427": "0407.Gyrodon lividus",
    "428": "0208.Cortinarius croceocaeruleus",
    "429": "1103.Tricholoma scalpturatum",
    "430": "0969.Russula mairei",
    "431": "0944.Russula chloroides",
    "432": "1316.Antrodiella faginea",
    "433": "0890.Psathyrella microrrhiza",
    "434": "0299.Diatrypella quercina",
    "435": "1322.Arrhenia peltigerina",
    "436": "0697.Melanoleuca polioleuca f. pusilla",
    "437": "1304.Inocybe cincinnata",
    "438": "0639.Lepiota griseovirens",
    "439": "1079.Trichaptum fuscoviolaceum",
    "440": "0881.Psathyrella ammophila",
    "441": "0426.Hericium coralloides",
    "442": "0098.Bovista nigrescens",
    "443": "0823.Phlebia uda",
    "444": "0868.Pluteus salicinus",
    "445": "0198.Cortinarius caperatus",
    "446": "0876.Oligoporus guttulatus",
    "447": "1192.Mycena epipterygia var. epipterigioides",
    "448": "0072.Basidioradulum radula",
    "449": "0270.Crepidotus lundellii",
    "450": "0681.Marasmius epiphylloides",
    "451": "0468.Hygrocybe quieta",
    "452": "0490.Hymenoscyphus fructigenus",
    "453": "0012.Agaricus langei",
    "454": "0939.Russula aurea",
    "455": "0192.Cortinarius biformis",
    "456": "1187.Lepista panaeolus",
    "457": "0786.Paxillus filamentosus",
    "458": "0025.Agrocybe pediades",
    "459": "1219.Parasola kuehneri",
    "460": "1023.Skeletocutis nivea",
    "461": "0878.Oligoporus stipticus",
    "462": "0972.Russula nigricans",
    "463": "1011.Scleroderma bovista",
    "464": "0874.Postia caesia",
    "465": "0913.Ramaria formosa",
    "466": "1059.Taphrina betulina",
    "467": "0974.Russula ochroleuca",
    "468": "0540.Inocybe mixtilis",
    "469": "0568.Lactarius albocarneus",
    "470": "1256.Coprinellus domesticus",
    "471": "1070.Trametes hirsuta",
    "472": "0830.Pholiota gummosa",
    "473": "1268.Hypoxylon petriniae",
    "474": "1037.Strobilurus esculentus",
    "475": "0127.Cerrena unicolor",
    "476": "0633.Lepiota clypeolaria",
    "477": "1066.Thelephora palmata",
    "478": "0082.Caloboletus calopus",
    "479": "0556.Kretzschmaria deusta",
    "480": "1064.Thelephora anthocephala",
    "481": "0978.Russula parazurea",
    "482": "1336.Rhodocybe caelata",
    "483": "0656.Lycogala flavofuscum",
    "484": "1191.Morchella vulgaris",
    "485": "0436.Hydnellum cumulatum",
    "486": "1302.Hygrocybe conica",
    "487": "1288.Agaricus essettei",
    "488": "0655.Lycogala epidendrum",
    "489": "0478.Hygrophorus agathosmus",
    "490": "1162.Clavaria falcata",
    "491": "0669.Macrolepiota excoriata",
    "492": "1364.Peniophorella pubera",
    "493": "0495.Hyphodontia alutaria",
    "494": "0106.Calocera cornea",
    "495": "0606.Lactarius tabidus",
    "496": "0806.Phallus impudicus",
    "497": "0274.Crinipellis scabella",
    "498": "1325.Pleurotus ostreatus var. praecox",
    "499": "1334.Inocybe rimosa",
    "500": "0333.Entoloma scabropellis",
    "501": "1047.Stropharia rugosoannulata",
    "502": "0423.Helvella leucomelaena",
    "503": "1390.Xylodon paradoxus",
    "504": "0985.Russula romellii",
    "505": "0836.Pholiota squarrosa",
    "506": "0559.Laccaria laccata",
    "507": "0139.Claviceps purpurea",
    "508": "1196.Neolentinus lepideus",
    "509": "1331.Frantisekia mentschulensis",
    "510": "0122.Ceratiomyxa fruticulosa",
    "511": "0439.Hydnum repandum",
    "512": "0384.Geoglossum umbratile",
    "513": "1124.Lycoperdon pratense",
    "514": "1342.Suillellus queletii",
    "515": "0474.Cuphophyllus virgineus",
    "516": "0300.Dichomitus campestris",
    "517": "1005.Sarcodon imbricatus",
    "518": "1029.Steccherinum ochraceum",
    "519": "0442.Hygrocybe acutoconica",
    "520": "1285.Cortinarius emollitoides",
    "521": "0119.Cantharellus pallens",
    "522": "0005.Agaricus bernardii",
    "523": "0750.Mycena rubromarginata",
    "524": "0251.Cortinarius tabularis",
    "525": "0772.Otidea onotica",
    "526": "0558.Laccaria bicolor",
    "527": "0079.Butyriboletus appendiculatus",
    "528": "0522.Inocybe bongardii",
    "529": "1200.Phellinus pomaceus",
    "530": "0714.Mycena adonis",
    "531": "1220.Parasola auricoma",
    "532": "0003.Agaricus arvensis",
    "533": "0428.Heterobasidion annosum",
    "534": "0320.Entoloma incanum",
    "535": "0181.Elaphocordyceps ophioglossoides",
    "536": "1044.Stropharia inuncta",
    "537": "0010.Agaricus cupreobrunneus",
    "538": "0115.Camarops tubulina",
    "539": "0899.Pseudoclitocybe expallens",
    "540": "0781.Panaeolus olivaceus",
    "541": "1204.Deconica phyllogena",
    "542": "0362.Galerina cephalotricha",
    "543": "0100.Brevicellicium olivascens",
    "544": "0964.Russula integra",
    "545": "0521.Inocybe asterospora",
    "546": "1091.Tricholoma columbetta",
    "547": "0509.Hypomyces rosellus",
    "548": "0488.Hymenochaete rubiginosa",
    "549": "0981.Russula pseudointegra",
    "550": "0593.Lactarius porninsis",
    "551": "0394.Gymnopilus picreus",
    "552": "0302.Cinereomyces lindbladii",
    "553": "1300.Inocybe stellatospora",
    "554": "1142.Hypogymnia physodes",
    "555": "0293.Datronia mollis",
    "556": "1186.Lepiota magnispora",
    "557": "0346.Exidia recisa",
    "558": "0203.Cortinarius citrinus",
    "559": "0795.Perenniporia fraxinea",
    "560": "0719.Mycena belliae",
    "561": "0965.Russula ionochlora",
    "562": "0011.Agaricus impudicus",
    "563": "1109.Tricholoma terreum",
    "564": "0235.Cortinarius psammocephalus",
    "565": "0942.Russula carpini",
    "566": "1391.Xylodon raduloides",
    "567": "0654.Limacella guttata",
    "568": "0975.Russula odorata",
    "569": "0843.Physisporinus sanguinolentus",
    "570": "0824.Phlebiopsis gigantea",
    "571": "0545.Inocybe soluta",
    "572": "0029.Amanita ceciliae",
    "573": "1323.Gymnopus fuscopurpureus",
    "574": "0196.Cortinarius calochrous",
    "575": "0090.Cyanoboletus pulverulentus",
    "576": "0683.Marasmius limosus",
    "577": "1274.Loreleia marchantia",
    "578": "1201.Pholiota adiposa",
    "579": "0166.Colpoma quercinum",
    "580": "0861.Pluteus pellitus",
    "581": "0840.Phylloporia ribis",
    "582": "1040.Stropharia aeruginosa",
    "583": "0647.Leptosphaeria acuta",
    "584": "0018.Agaricus sylvaticus",
    "585": "0033.Amanita fulva",
    "586": "0195.Cortinarius caesiocortinatus",
    "587": "1177.Helvella macropus",
    "588": "0883.Psathyrella candolleana",
    "589": "0582.Lactarius fulvissimus",
    "590": "1099.Tricholoma populinum",
    "591": "1245.Hebeloma laterinum",
    "592": "0392.Grifola frondosa",
    "593": "1287.Cortinarius multiformium",
    "594": "0368.Galerina pumila",
    "595": "0137.Clavaria zollingeri",
    "596": "0136.Clavaria fragilis",
    "597": "1183.Lacrymaria lacrymabunda",
    "598": "1248.Bolbitius reticulatus f. aleuriatus",
    "599": "1155.Amanita citrina var. alba",
    "600": "0896.Homophron spadiceum",
    "601": "0891.Psathyrella multipedata",
    "602": "0704.Gymnopus foetidus",
    "603": "0400.Gymnopus erythropus",
    "604": "0387.Meruliopsis taxicola",
    "605": "0454.Hygrocybe glutinipes",
    "606": "0626.Lentinellus ursinus",
    "607": "0264.Craterellus cornucopioides",
    "608": "0628.Leotia lubrica",
    "609": "0112.Calyptella gibbosa",
    "610": "0379.Geastrum schmidelii",
    "611": "1295.Inocybe perlata",
    "612": "0995.Russula velutipes",
    "613": "0295.Dendrothele acerina",
    "614": "0290.Daedalea quercina",
    "615": "1343.Rubroboletus satanas",
    "616": "1218.Parasola lactea",
    "617": "1340.Mycena luteovariegata",
    "618": "0679.Marasmius cohaerens",
    "619": "0399.Gymnopus dryophilus",
    "620": "0546.Inocybe subcarpta",
    "621": "0351.Exobasidium vaccinii",
    "622": "0711.Mutinus caninus",
    "623": "0801.Peziza vesiculosa",
    "624": "0097.Botryobasidium subcoronatum",
    "625": "0322.Entoloma lanuginosipes",
    "626": "0990.Russula solaris",
    "627": "1146.Lecidella elaeochroma",
    "628": "0613.Langermannia gigantea",
    "629": "0263.Cortinarius vulpinus",
    "630": "1371.Lentinus brumalis",
    "631": "0403.Gymnopus hariolorum",
    "632": "0337.Entoloma sericeum var. sericeum ",
    "633": "0249.Cortinarius subpurpurascens",
    "634": "0020.Agaricus subfloccosus",
    "635": "1317.Cortinarius sphagnophilus",
    "636": "1003.Russula xerampelina",
    "637": "0023.Agrocybe arvalis",
    "638": "1095.Tricholoma lascivum",
    "639": "0222.Cortinarius limonius",
    "640": "0543.Inocybe rimosa",
    "641": "1359.Gymnopus perforans",
    "642": "0170.Coniophora puteana",
    "643": "0467.Hygrocybe punicea",
    "644": "0578.Lactarius deliciosus",
    "645": "1193.Mycena galopus var. nigra",
    "646": "0254.Cortinarius torvus",
    "647": "0614.Laxitextum bicolor",
    "648": "0419.Helvella acetabulum",
    "649": "0244.Cortinarius saturninus",
    "650": "0762.Naucoria salicis",
    "651": "1175.Lycoperdon excipuliforme",
    "652": "0530.Inocybe flocculosa",
    "653": "0242.Cortinarius sanguineus",
    "654": "0131.Chondrostereum purpureum",
    "655": "0632.Lepiota castanea",
    "656": "1332.Callistosporium pinicola",
    "657": "0670.Macrolepiota mastoidea",
    "658": "0887.Psathyrella cotonea",
    "659": "0776.Oxyporus obducens",
    "660": "0194.Cortinarius foetens",
    "661": "0500.Hypholoma lateritium",
    "662": "0943.Russula cessans",
    "663": "0798.Peziza fimeti",
    "664": "0145.Clitocybe agrestis",
    "665": "0312.Entoloma clypeatum",
    "666": "0318.Entoloma griseocyaneum",
    "667": "1276.Melanoleuca brevipes",
    "668": "0623.Leccinum versipelle",
    "669": "0001.Achroomyces disciformis",
    "670": "0039.Amanita phalloides var. phalloides ",
    "671": "1266.Coprinopsis nivea",
    "672": "1009.Schizophyllum commune",
    "673": "1067.Thelephora penicillata",
    "674": "1360.Osmoporus odoratus",
    "675": "0486.Hygrophorus persoonii",
    "676": "0416.Hebeloma sinapizans",
    "677": "0309.Entoloma atrocoeruleum",
    "678": "1082.Tricholoma albobrunneum",
    "679": "0796.Peziza arvernensis",
    "680": "1112.Tricholomopsis rutilans",
    "681": "0219.Cortinarius hemitrichus",
    "682": "0083.Boletus edulis",
    "683": "1387.Lyomyces crustosus",
    "684": "1292.Flammulina velutipes",
    "685": "1130.Vuilleminia coryli",
    "686": "1303.Hygrocybe miniata",
    "687": "0480.Hygrophorus discoxanthus",
    "688": "1356.Volvopluteus gloiocephalus",
    "689": "1319.Illosporiopsis christiansenii",
    "690": "0577.Lactarius cyathuliformis",
    "691": "1225.Pholiotina arrhenii",
    "692": "0986.Russula lepida",
    "693": "0717.Mycena arcangeliana",
    "694": "1170.Galerina hybrida",
    "695": "1311.Russula fragilis",
    "696": "1381.Phaeoclavulina abietina",
    "697": "0307.Reticularia lycoperdon",
    "698": "0648.Leptosporomyces fuscostratus",
    "699": "1347.Amyloporia xantha",
    "700": "0007.Agaricus bitorquis",
    "701": "0221.Cortinarius largus",
    "702": "0306.Encoelia furfuracea",
    "703": "0216.Cortinarius flexipes var. flabellus",
    "704": "1063.Tarzetta cupularis",
    "705": "0671.Macrolepiota procera",
    "706": "0768.Omphalina pyxidata",
    "707": "0906.Pterula multifida",
    "708": "1386.Xylodon brevisetus",
    "709": "0560.Laccaria proxima",
    "710": "0074.Calycina citrina",
    "711": "1042.Stropharia cyanea",
    "712": "1007.Sarcoscypha austriaca",
    "713": "1246.Lichenomphalia umbellifera",
    "714": "0531.Inocybe fraudans",
    "715": "0304.Dumontinia tuberosa",
    "716": "0459.Gliophorus laetus",
    "717": "0081.Hortiboletus bubalinus",
    "718": "1060.Taphrina pruni",
    "719": "0759.Myxarium nucleatum",
    "720": "0615.Leccinum albostipitatum",
    "721": "0197.Cortinarius caninus",
    "722": "0956.Russula foetens",
    "723": "1205.Radulomyces confluens",
    "724": "1310.Pluteus umbrosus",
    "725": "0831.Pholiota highlandensis",
    "726": "0563.Lachnellula subtilissima",
    "727": "0427.Hericium erinaceus",
    "728": "0640.Echinoderma jacobi",
    "729": "1211.Simocybe haustellaris",
    "730": "0016.Agaricus porphyrizon",
    "731": "0375.Ganoderma resinaceum",
    "732": "1367.Hymenochaetopsis tabacina",
    "733": "1358.Clitocella popinalis",
    "734": "1116.Tubaria furfuracea",
    "735": "1020.Sistotrema confluens",
    "736": "0024.Agrocybe dura",
    "737": "0700.Melastiza cornubiensis",
    "738": "0882.Psathyrella fibrillosa",
    "739": "1087.Tricholoma aurantium",
    "740": "0581.Lactarius fluens",
    "741": "0211.Cortinarius decipiens",
    "742": "0590.Lactarius obscuratus",
    "743": "0154.Clitocybe nebularis var. nebularis ",
    "744": "0088.Xerocomellus porosporus",
    "745": "1313.Suillus cavipes",
    "746": "1002.Russula viscida",
    "747": "0297.Diatrype bullata",
    "748": "0380.Geastrum michelianum",
    "749": "0808.Fuscoporia ferrea",
    "750": "0282.Cystodermella granulosa",
    "751": "0586.Lactarius lignyotus",
    "752": "1357.Gliophorus irrigatus",
    "753": "0398.Gymnopus confluens",
    "754": "0207.Cortinarius cotoneus",
    "755": "0021.Agaricus subperonatus",
    "756": "0793.Peniophora quercina",
    "757": "0690.Megacollybia platyphylla",
    "758": "0927.Rickenella fibula",
    "759": "0420.Helvella crispa",
    "760": "0124.Ceriporia purpurea",
    "761": "0716.Mycena amicta",
    "762": "0518.Inocybe adaequata",
    "763": "0825.Phleogena faginea",
    "764": "0621.Leccinum scabrum",
    "765": "0185.Cortinarius alcalinophilus",
    "766": "0421.Helvella elastica",
    "767": "1308.Melanoleuca polioleuca",
    "768": "0725.Mycena crocata",
    "769": "0564.Lachnum impudicum",
    "770": "1046.Stropharia pseudocyanea",
    "771": "0912.Ramaria fagetorum",
    "772": "0287.Dacryobolus karstenii",
    "773": "0047.Amylostereum laevigatum",
    "774": "0204.Cortinarius caerulescens",
    "775": "1164.Clavulinopsis umbrinella",
    "776": "0926.Rhytisma salicinum",
    "777": "0761.Naucoria escharioides",
    "778": "1022.Skeletocutis carneogrisea",
    "779": "1244.Inocybe erinaceomorpha",
    "780": "0645.Lepista nuda",
    "781": "0898.Pseudoclitocybe cyathiformis",
    "782": "0933.Russula aeruginea",
    "783": "0549.Inonotus hispidus",
    "784": "0758.Mycena zephirus",
    "785": "0782.Panaeolus papilionaceus",
    "786": "0842.Physalacria cryptomeriae",
    "787": "1121.Typhula erythropus",
    "788": "0292.Daldinia concentrica",
    "789": "0685.Gymnopus quercophilus",
    "790": "1235.Phylloporus pelletieri",
    "791": "0953.Russula faginea",
    "792": "0489.Hymenoscyphus fagineus",
    "793": "1301.Hemipholiota heteroclita",
    "794": "0778.Panaeolus acuminatus",
    "795": "0352.Fistulina hepatica",
    "796": "0794.Peniophora rufomarginata",
    "797": "1252.Gliophorus perplexus",
    "798": "1353.Leucocybe candicans",
    "799": "0349.Exidiopsis effusa",
    "800": "0828.Pholiota conissans",
    "801": "0570.Lactarius aurantiacus",
    "802": "0303.Disciotis venosa",
    "803": "1241.Gyromitra ancilis",
    "804": "0851.Pleurotus pulmonarius",
    "805": "0736.Mycena inclinata",
    "806": "1289.Cortinarius uliginosus",
    "807": "1210.Schizophyllum amplum",
    "808": "0092.Boletus reticulatus",
    "809": "0056.Arrhenia spathulata",
    "810": "0250.Cortinarius subtortus",
    "811": "1139.Cladonia diversa",
    "812": "0528.Inocybe dulcamara",
    "813": "0174.Conocybe subpubescens",
    "814": "1131.Vuilleminia cystidiata",
    "815": "0833.Pholiota lenta",
    "816": "0763.Naucoria scolecina",
    "817": "0642.Lepiota ochraceofulva",
    "818": "0779.Panaeolus foenisecii",
    "819": "1189.Mycetinis querceus",
    "820": "1061.Tapinella atrotomentosa",
    "821": "0550.Mensularia nodulosa",
    "822": "0262.Cortinarius violaceus",
    "823": "0835.Pholiota scamba",
    "824": "0434.Hydnellum caeruleum",
    "825": "0013.Agaricus lanipes",
    "826": "0589.Lactarius musteus",
    "827": "0386.Gloeoporus dichrous",
    "828": "1163.Clavulina coralloides",
    "829": "1093.Tricholoma fulvum",
    "830": "1050.Suillus viscidus",
    "831": "1209.Russula depallens",
    "832": "0814.Fomitiporia punctata",
    "833": "0225.Cortinarius malachius",
    "834": "0493.Hyphoderma roseocremeum",
    "835": "0193.Cortinarius bolaris",
    "836": "0260.Cortinarius umbrinolens",
    "837": "1232.Lyomyces sambuci",
    "838": "0735.Mycena hiemalis",
    "839": "0619.Leccinum schistophilum",
    "840": "0877.Oligoporus ptychogaster",
    "841": "0268.Crepidotus calolepis",
    "842": "1083.Tricholoma album",
    "843": "0608.Lactarius trivialis",
    "844": "0921.Resupinatus trichotis",
    "845": "0085.Pseudoboletus parasiticus",
    "846": "0305.Elaphomyces muricatus",
    "847": "0186.Cortinarius anomalus",
    "848": "1176.Lycoperdon utriforme",
    "849": "1138.Xylaria polymorpha",
    "850": "0182.Corticium roseum",
    "851": "0746.Mycena pura",
    "852": "1297.Psathyrella rubiginosa",
    "853": "0191.Cortinarius bataillei",
    "854": "1227.Leucoagaricus nympharum",
    "855": "0077.Bjerkandera fumosa",
    "856": "1259.Coprinopsis atramentaria",
    "857": "0128.Chalciporus piperatus",
    "858": "0980.Russula pelargonia",
    "859": "1180.Hymenoscyphus calyculus",
    "860": "0598.Lactarius quietus",
    "861": "0483.Hygrophorus mesotephrus",
    "862": "1275.Melanoleuca friesii",
    "863": "1136.Xylaria hypoxylon",
    "864": "1216.Diatrype decorticata",
    "865": "0449.Hygrocybe coccineocrenata",
    "866": "0363.Galerina clavata",
    "867": "0372.Ganoderma applanatum",
    "868": "0246.Cortinarius fusisporus",
    "869": "0665.Lyophyllum fumosum",
    "870": "0747.Mycena purpureofusca",
    "871": "0959.Russula grata",
    "872": "0745.Mycena pterigena",
    "873": "0740.Mycena olivaceomarginata",
    "874": "0285.Cystolepiota bucknallii",
    "875": "1197.Panaeolus subfirmus",
    "876": "0017.Agaricus dulcidulus",
    "877": "0783.Panaeolus semiovatus",
    "878": "0523.Inocybe cincinnata var. cincinnata",
    "879": "0239.Cortinarius raphanoides",
    "880": "0529.Inocybe erubescens",
    "881": "0405.Gymnopus peronatus",
    "882": "0169.Coniophora arida",
    "883": "0701.Meripilus giganteus",
    "884": "0180.Cordyceps militaris",
    "885": "0213.Cortinarius diasemospermus var. diasemospermus ",
    "886": "0487.Hygrophorus pustulatus",
    "887": "0686.Marasmius rotula",
    "888": "1284.Clitocybe nebularis",
    "889": "0054.Arrhenia lobata",
    "890": "1281.Amanita phalloides",
    "891": "0816.Phellinus tremulae",
    "892": "1355.Butyriboletus fuscoroseus",
    "893": "0961.Russula grisea",
    "894": "1122.Typhula gyrans",
    "895": "0383.Geoglossum fallax",
    "896": "0046.Amylostereum chailletii",
    "897": "1128.Volvariella surrecta",
    "898": "1282.Amanita rubescens",
    "899": "0855.Pluteus cinereofuscus",
    "900": "1198.Panus conchatus",
    "901": "0696.Melanoleuca polioleuca var. polioleuca",
    "902": "0708.Morchella esculenta",
    "903": "0728.Mycena erubescens",
    "904": "0962.Russula heterophylla",
    "905": "0441.Hydropus subalpinus",
    "906": "1335.Hygrocybe acutoconica sensu lato",
    "907": "0525.Inocybe cookei",
    "908": "0026.Agrocybe praecox",
    "909": "1291.Entoloma sericeum",
    "910": "0766.Neottiella rutilans",
    "911": "1179.Hygrophorus unicolor",
    "912": "1068.Thelephora terrestris",
    "913": "0503.Hypholoma radicosum",
    "914": "0066.Aureoboletus gentilis",
    "915": "0936.Russula anthracina",
    "916": "1206.Resinomycena saccharifera",
    "917": "0992.Russula subrubens",
    "918": "0248.Cortinarius subporphyropus",
    "919": "1380.Exidia nigricans",
    "920": "0854.Pluteus cervinus",
    "921": "0212.Cortinarius delibutus",
    "922": "1374.Picipes melanopus",
    "923": "0404.Gymnopus ocior",
    "924": "0553.Inocutis rheades",
    "925": "1333.Cortinarius anomalus",
    "926": "1221.Parasola misera",
    "927": "0412.Hebeloma crustuliniforme",
    "928": "0345.Exidia pithya",
    "929": "0310.Entoloma cetratum",
    "930": "0052.Armillaria ostoyae",
    "931": "0575.Lactarius circellatus",
    "932": "0245.Cortinarius semisanguineus",
    "933": "0516.Hypoxylon rubiginosum",
    "934": "0657.Lycoperdon decipiens",
    "935": "0957.Russula fragilis var. fragilis",
    "936": "0158.Clitocybe rivulosa",
    "937": "0259.Cortinarius uliginosus f. uliginosus ",
    "938": "0339.Entoloma sordidulum",
    "939": "0133.Ciboria caucus",
    "940": "0475.Cuphophyllus ochraceopallidus",
    "941": "0889.Coprinopsis marcescibilis",
    "942": "0672.Macrotyphula fistulosa",
    "943": "0335.Entoloma sericatum",
    "944": "0034.Amanita gemmata",
    "945": "0253.Cortinarius tophaceus",
    "946": "1190.Melanophyllum haematospermum",
    "947": "0123.Ceriporia excelsa",
    "948": "0424.Hemimycena cucullata",
    "949": "0739.Mycena metata",
    "950": "1132.Xeromphalina campanella",
    "951": "0946.Russula curtipes",
    "952": "0338.Entoloma serrulatum",
    "953": "1184.Lacrymaria pyrotricha",
    "954": "0982.Russula puellaris",
    "955": "0094.Xerocomus subtomentosus",
    "956": "0983.Russula queletii",
    "957": "0542.Inocybe petiginosa",
    "958": "0644.Lepista irina",
    "959": "0689.Marasmius wynnei",
    "960": "0477.Hygrophoropsis aurantiaca",
    "961": "0027.Aleuria aurantia",
    "962": "1349.Sagaranella tylicolor",
    "963": "1185.Lactarius necator",
    "964": "0635.Echinoderma echinaceum",
    "965": "1338.Microglossum griseoviride",
    "966": "0172.Conocybe rickenii",
    "967": "0666.Lyophyllum paelochroum",
    "968": "0573.Lactarius camphoratus",
    "969": "0554.Ischnoderma benzoinum",
    "970": "0737.Mycena juniperina",
    "971": "1293.Chlorophyllum brunneum",
    "972": "0864.Pluteus plautus",
    "973": "0288.Dacrymyces lacrymalis",
    "974": "0945.Russula cuprea",
    "975": "0527.Inocybe curvipes",
    "976": "0682.Marasmius epiphyllus",
    "977": "1015.Scutellinia scutellata",
    "978": "1312.Russula globispora",
    "979": "1100.Tricholoma portentosum",
    "980": "0210.Cortinarius danicus",
    "981": "1181.Junghuhnia nitida",
    "982": "0663.Lycoperdon pyriforme",
    "983": "0266.Hericium cirrhatum",
    "984": "0869.Pluteus semibulbosus",
    "985": "0603.Lactarius scoticus",
    "986": "0469.Hygrocybe reidii",
    "987": "0733.Mycena galopus",
    "988": "0342.Entoloma vernum",
    "989": "1346.Flammulaster limulatus",
    "990": "0187.Cortinarius anserinus",
    "991": "0432.Humaria hemisphaerica",
    "992": "0301.Dictydiaethalium plumbeum",
    "993": "0875.Oligoporus fragilis",
    "994": "0000.Abortiporus biennis",
    "995": "0004.Agaricus augustus",
    "996": "0006.Agaricus bisporus",
    "997": "0015.Agaricus moelleri",
    "998": "0022.Agaricus xanthodermus",
    "999": "0028.Aleurodiscus amorphus",
    "1000": "0032.Amanita franchetii",
    "1001": "0036.Amanita citrina var. citrina",
    "1002": "0045.Amanita virosa",
    "1003": "0058.Ascocoryne sarcoides",
    "1004": "0061.Asterophora lycoperdoides",
    "1005": "0064.Aurantiporus croceus",
    "1006": "0071.Bankera violascens",
    "1007": "0073.Bispora antennata",
    "1008": "0080.Imleria badia",
    "1009": "0087.Boletus pinophilus",
    "1010": "0091.Caloboletus radicans",
    "1011": "0095.Botryobasidium aureum",
    "1012": "0101.Buglossoporus quercinus",
    "1013": "0102.Bulgaria inquinans",
    "1014": "0104.Byssonectria terrestris",
    "1015": "0110.Calyptella campanula",
    "1016": "0117.Cantharellus cibarius",
    "1017": "0121.Ceraceomyces serpens",
    "1018": "0126.Ceriporiopsis resinascens",
    "1019": "0134.Ciboria rufofusca",
    "1020": "0138.Clavariadelphus pistillaris",
    "1021": "0142.Clavulinopsis helvola",
    "1022": "0148.Clitocybe diatreta",
    "1023": "0149.Clitocybe ditopus",
    "1024": "0152.Infundibulicybe gibba",
    "1025": "0159.Infundibulicybe squamulosa",
    "1026": "0162.Clitopilus hobsonii",
    "1027": "0163.Clitopilus prunulus",
    "1028": "0209.Cortinarius croceus",
    "1029": "0217.Cortinarius flexipes var. inolens",
    "1030": "0224.Cortinarius lucorum",
    "1031": "0227.Cortinarius mucosus",
    "1032": "0229.Cortinarius obtusus",
    "1033": "0231.Cortinarius olivaceofuscus",
    "1034": "0236.Cortinarius purpurascens",
    "1035": "0258.Cortinarius turgidus",
    "1036": "0265.Craterellus tubaeformis",
    "1037": "0273.Crepidotus variabilis",
    "1038": "0276.Cudoniella acicularis",
    "1039": "0286.Cystolepiota seminuda",
    "1040": "0294.Delicatula integrella",
    "1041": "0296.Dermoloma cuneifolium",
    "1042": "0313.Entoloma conferendum",
    "1043": "0315.Entoloma sinuatum",
    "1044": "0325.Entoloma neglectum",
    "1045": "0327.Entoloma papillatum",
    "1046": "0328.Entoloma pleopodium",
    "1047": "0329.Entoloma politum",
    "1048": "0332.Entoloma rhodopolium",
    "1049": "0341.Entoloma undatum",
    "1050": "0353.Flammulaster granulosus",
    "1051": "0354.Flammulaster muricatus",
    "1052": "0355.Flammulaster subincarnatus",
    "1053": "0357.Fomes fomentarius",
    "1054": "0366.Galerina marginata",
    "1055": "0369.Galerina triscopa",
    "1056": "0370.Galerina vittiformis",
    "1057": "0371.Ganoderma adspersum",
    "1058": "0374.Ganoderma pfeifferi",
    "1059": "0378.Geastrum rufescens",
    "1060": "0389.Gomphidius glutinosus",
    "1061": "0396.Gymnopus acervatus",
    "1062": "0401.Gymnopus fagiphilus",
    "1063": "0409.Gyroporus castaneus",
    "1064": "0410.Gyroporus cyanescens",
    "1065": "0414.Hebeloma radicosum",
    "1066": "0417.Hebeloma theobrominum",
    "1067": "0418.Hebeloma velutipes",
    "1068": "0425.Hemimycena lactea",
    "1069": "0430.Hohenbuehelia fluxilis",
    "1070": "0435.Hydnellum concrescens",
    "1071": "0463.Hygrocybe phaeococcinea",
    "1072": "0464.Cuphophyllus pratensis",
    "1073": "0466.Gliophorus psittacinus",
    "1074": "0470.Cuphophyllus russocoriaceus",
    "1075": "0494.Hyphoderma setigerum",
    "1076": "0496.Hyphodontia pallidula",
    "1077": "0520.Inocybe assimilata",
    "1078": "0533.Inocybe geophylla",
    "1079": "0534.Inocybe godeyi",
    "1080": "0537.Inocybe lacera var. lacera",
    "1081": "0552.Mensularia radiata",
    "1082": "0555.Ischnoderma resinosum",
    "1083": "0561.Laccaria tortilis",
    "1084": "0565.Lachnum virgineum",
    "1085": "0567.Lactarius acris",
    "1086": "0583.Lactarius glyciosmus",
    "1087": "0592.Lactifluus piperatus",
    "1088": "0602.Lactarius ruginosus",
    "1089": "0605.Lactarius subdulcis",
    "1090": "0607.Lactarius torminosus",
    "1091": "0622.Leccinum variicolor",
    "1092": "0624.Leccinum vulpinum",
    "1093": "0641.Lepiota lilacea",
    "1094": "0649.Leucoagaricus leucothites var. carneifolius",
    "1095": "0653.Aspropaxillus giganteus",
    "1096": "0658.Lycoperdon echinatum",
    "1097": "0659.Lycoperdon lividum",
    "1098": "0667.Sphagnurus paluster",
    "1099": "0684.Marasmius oreades",
    "1100": "0694.Melanoleuca exscissa var. exscissa",
    "1101": "0698.Melanoleuca verrucipes",
    "1102": "0702.Merismodes anomalus",
    "1103": "0705.Mitrula paludosa",
    "1104": "0706.Mollisia cinerea",
    "1105": "0712.Mycena abramsii",
    "1106": "0715.Mycena aetites",
    "1107": "0718.Mycena aurantiomarginata",
    "1108": "0730.Mycena flavescens",
    "1109": "0731.Mycena flavoalba",
    "1110": "0741.Mycena pelianthina",
    "1111": "0743.Mycena polygramma",
    "1112": "0755.Mycena stylobates",
    "1113": "0780.Panaeolus fimicola",
    "1114": "0788.Peniophora cinerea",
    "1115": "0800.Peziza varia",
    "1116": "0802.Phaeolepiota aurea",
    "1117": "0815.Fomitiporia robusta",
    "1118": "0827.Pholiota astragalina",
    "1119": "0845.Piptoporus betulinus",
    "1120": "0848.Pleurocybella porrigens",
    "1121": "0862.Pluteus petasatus",
    "1122": "0865.Pluteus pouzarianus",
    "1123": "0866.Pluteus romellii",
    "1124": "0873.Porphyrellus porphyrosporus",
    "1125": "0880.Postia lactea",
    "1126": "0884.Homophron cernuum",
    "1127": "0888.Psathyrella impexa",
    "1128": "0892.Psathyrella obtusata",
    "1129": "0901.Pseudoplectania nigrella",
    "1130": "0905.Deconica subviscida",
    "1131": "0910.Pycnoporus cinnabarinus",
    "1132": "0932.Russula adusta",
    "1133": "0948.Russula decolorans",
    "1134": "0949.Russula delica",
    "1135": "0968.Russula luteotacta",
    "1136": "0970.Russula melliolens",
    "1137": "0973.Russula nitida",
    "1138": "0977.Russula paludosa",
    "1139": "0991.Russula sororia",
    "1140": "0994.Russula velenovskyi",
    "1141": "0996.Russula versicolor",
    "1142": "1006.Sarcodon squamosus",
    "1143": "1008.Sarcoscypha coccinea",
    "1144": "1014.Scopuloides rimosa",
    "1145": "1016.Scytinostroma hemidichophyticum",
    "1146": "1019.Sistotrema brinkmannii",
    "1147": "1026.Sphaerobolus stellatus",
    "1148": "1027.Spinellus fusiger",
    "1149": "1028.Steccherinum fimbriatum",
    "1150": "1036.Strobilomyces strobilaceus",
    "1151": "1043.Stropharia hornemannii",
    "1152": "1057.Suillus variegatus",
    "1153": "1075.Tremella foliacea",
    "1154": "1092.Tricholoma equestre",
    "1155": "1097.Tricholoma orirubens",
    "1156": "1106.Tricholoma stans",
    "1157": "1110.Tricholoma ustale",
    "1158": "1123.Tyromyces chioneus",
    "1159": "1126.Volvariella bombycina",
    "1160": "1134.Hymenopellis radicata",
    "1161": "1137.Xylaria longipes",
    "1162": "1143.Hypogymnia tubulosa",
    "1163": "1145.Protoparmeliopsis muralis",
    "1164": "1150.Peltigera hymenina",
    "1165": "1151.Physcia adscendens",
    "1166": "1153.Ramalina fastigiata",
    "1167": "1173.Gymnosporangium sabinae",
    "1168": "1199.Fomitiporia hippophaeicola",
    "1169": "1203.Deconica crobula",
    "1170": "1214.Tremella versicolor",
    "1171": "1224.Pholiotina aporos",
    "1172": "1228.Cortinarius balteatocumatilis",
    "1173": "1230.Paxillus obscurisporus",
    "1174": "1233.Craterellus undulatus",
    "1175": "1237.Cystodermella cinnabarina",
    "1176": "1240.Hypocrea minutispora",
    "1177": "1242.Hypocrea leucopus",
    "1178": "1247.Arrhenia gerardiana",
    "1179": "1255.Coprinellus xanthothrix",
    "1180": "1257.Coprinellus disseminatus",
    "1181": "1261.Coprinopsis lagopus",
    "1182": "1278.Tricholoma frondosae",
    "1183": "1279.Flammulina elastica",
    "1184": "1294.Chlorophyllum olivieri",
    "1185": "1320.Tricholoma saponaceum",
    "1186": "1321.Galerina vittiformis f. bispora",
    "1187": "1328.Phlebiella vaga",
    "1188": "1341.Suillellus luridus",
    "1189": "1350.Myochromella boudieri",
    "1190": "1354.Leucocybe connata",
    "1191": "1363.Peniophorella praetermissa",
    "1192": "1375.Picipes tubaeformis",
    "1193": "1379.Phellinopsis conchata",
    "1194": "0008.Agaricus campestris",
    "1195": "0009.Agaricus comtulus",
    "1196": "0019.Agaricus sylvicola",
    "1197": "0038.Amanita pantherina",
    "1198": "0044.Amanita vaginata var. vaginata",
    "1199": "0053.Arrhenia acerosa",
    "1200": "0055.Arrhenia retiruga",
    "1201": "0062.Asterophora parasitica",
    "1202": "0063.Aurantiporus alborubescens",
    "1203": "0069.Auriscalpium vulgare",
    "1204": "0070.Baeospora myosura",
    "1205": "0078.Bolbitius titubans",
    "1206": "0093.Hortiboletus rubellus",
    "1207": "0096.Botryobasidium vagum",
    "1208": "0099.Bovista plumbea",
    "1209": "0103.Byssocorticium atrovirens",
    "1210": "0105.Calloria neglecta",
    "1211": "0118.Craterellus cinereus",
    "1212": "0129.Chamaemyces fracidus",
    "1213": "0132.Chroogomphus rutilus",
    "1214": "0141.Clavulinopsis corniculata",
    "1215": "0151.Infundibulicybe geotropa",
    "1216": "0153.Clitocybe metachroa",
    "1217": "0156.Clitocybe phaeophthalma",
    "1218": "0165.Collybia cookei",
    "1219": "0175.Coprinus comatus",
    "1220": "0176.Coprinopsis ephemeroides",
    "1221": "0179.Ophiocordyceps entomorrhiza",
    "1222": "0184.Cortinarius alboviolaceus",
    "1223": "0190.Cortinarius barbatus",
    "1224": "0205.Cortinarius collinitus",
    "1225": "0220.Cortinarius hinnuleus",
    "1226": "0223.Cortinarius elatior",
    "1227": "0232.Cortinarius parvannulatus",
    "1228": "0234.Cortinarius pratensis",
    "1229": "0247.Cortinarius stillatitius",
    "1230": "0277.Cyathus olla",
    "1231": "0279.Cylindrobasidium laeve",
    "1232": "0289.Dacrymyces stillatus",
    "1233": "0291.Daedaleopsis confragosa",
    "1234": "0316.Entoloma exile",
    "1235": "0321.Entoloma incarnatofuscescens",
    "1236": "0326.Entoloma nitidum",
    "1237": "0356.Flammulina velutipes var. velutipes",
    "1238": "0359.Fuligo leviderma",
    "1239": "0381.Geoglossum cookeanum",
    "1240": "0382.Geoglossum elongatum",
    "1241": "0390.Gomphidius maculatus",
    "1242": "0393.Gymnopilus spectabilis",
    "1243": "0395.Gymnopilus penetrans",
    "1244": "0397.Gymnopus aquosus",
    "1245": "0408.Gyromitra esculenta",
    "1246": "0413.Hebeloma mesophaeum",
    "1247": "0431.Holwaya mucida",
    "1248": "0433.Hydnellum aurantiacum",
    "1249": "0444.Hygrocybe calciphila",
    "1250": "0453.Cuphophyllus fornicatus",
    "1251": "0457.Hygrocybe insipida",
    "1252": "0460.Hygrocybe miniata var. miniata",
    "1253": "0462.Neohygrocybe nitrata",
    "1254": "0472.Hygrocybe splendidissima",
    "1255": "0479.Hygrophorus chrysodon",
    "1256": "0482.Hygrophorus hypothejus f. hypothejus ",
    "1257": "0484.Hygrophorus olivaceoalbus",
    "1258": "0491.Hyphoderma argillaceum",
    "1259": "0492.Hyphoderma medioburiense",
    "1260": "0498.Hypholoma elongatum",
    "1261": "0501.Hypholoma marginatum",
    "1262": "0502.Phaeonematoloma myosotis",
    "1263": "0505.Hypocrea citrina",
    "1264": "0517.Inocybe acuta",
    "1265": "0535.Inocybe griseolilacina",
    "1266": "0536.Inocybe hirtella",
    "1267": "0539.Inocybe maculata",
    "1268": "0541.Inocybe napipes",
    "1269": "0574.Lactarius chrysorrheus",
    "1270": "0580.Lactarius evosmus",
    "1271": "0584.Lactarius helvus",
    "1272": "0587.Lactarius lilacinus",
    "1273": "0596.Lactarius pyrogalus",
    "1274": "0600.Lactarius rubrocinctus",
    "1275": "0604.Lactarius serifluus",
    "1276": "0609.Lactifluus vellereus",
    "1277": "0616.Leccinellum carpini",
    "1278": "0618.Leccinum niveum",
    "1279": "0620.Leccinum quercinum",
    "1280": "0627.Trametes betulina",
    "1281": "0637.Lepiota felina",
    "1282": "0651.Leucocoprinus brebissonii",
    "1283": "0661.Lycoperdon nigrescens",
    "1284": "0674.Marasmiellus ramealis",
    "1285": "0677.Gymnopus androsaceus",
    "1286": "0680.Marasmius curreyi",
    "1287": "0688.Marasmius torquescens",
    "1288": "0695.Melanoleuca grammopodia",
    "1289": "0703.Microglossum olivaceum",
    "1290": "0713.Mycena acicula",
    "1291": "0722.Mycena chlorantha",
    "1292": "0724.Mycena clavicularis",
    "1293": "0726.Mycena diosma",
    "1294": "0727.Mycena epipterygia",
    "1295": "0729.Mycena filopes",
    "1296": "0742.Mycena clavata",
    "1297": "0760.Naucoria bohemica",
    "1298": "0764.Naucoria subconspersa",
    "1299": "0765.Nectria cinnabarina",
    "1300": "0784.Panellus mitis",
    "1301": "0787.Paxillus involutus",
    "1302": "0790.Peniophora limitata",
    "1303": "0792.Peniophora polygonia",
    "1304": "0799.Peziza succosa",
    "1305": "0803.Phaeolus schweinitzii",
    "1306": "0805.Phallus hadriani",
    "1307": "0807.Phanerochaete velutina",
    "1308": "0812.Porodaedalea pini",
    "1309": "0817.Phellodon niger",
    "1310": "0820.Phlebia radiata",
    "1311": "0826.Flammula alnicola",
    "1312": "0834.Hemipholiota populnea",
    "1313": "0838.Pholiotina velata",
    "1314": "0849.Pleurotus dryinus",
    "1315": "0853.Pluteus atromarginatus",
    "1316": "0857.Pluteus hispidulus",
    "1317": "0871.Pluteus umbrosus var. umbrosus ",
    "1318": "0885.Parasola conopilus",
    "1319": "0893.Psathyrella piluliformis",
    "1320": "0904.Psilocybe semilanceata",
    "1321": "0907.Puccinia punctiformis",
    "1322": "0909.Pycnoporellus fulgens",
    "1323": "0914.Ramaria pallida",
    "1324": "0915.Ramaria sanguinea",
    "1325": "0917.Ramariopsis crocea",
    "1326": "0935.Russula amoenolens",
    "1327": "0937.Russula aquosa",
    "1328": "0938.Russula atrorubens",
    "1329": "0940.Russula betularum",
    "1330": "0947.Russula cyanoxantha",
    "1331": "0955.Russula fellea",
    "1332": "0960.Russula graveolens",
    "1333": "0963.Russula illota",
    "1334": "0966.Russula laccata",
    "1335": "0971.Russula nauseosa",
    "1336": "0976.Russula olivacea",
    "1337": "0987.Russula roseoaurantia",
    "1338": "0989.Russula sardonia",
    "1339": "0997.Russula vesca",
    "1340": "0999.Russula vinosa",
    "1341": "1012.Scleroderma citrinum",
    "1342": "1018.Simocybe sumptuosa",
    "1343": "1024.Sparassis crispa",
    "1344": "1030.Steccherinum oreophilum",
    "1345": "1031.Stereum gausapatum",
    "1346": "1032.Stereum hirsutum",
    "1347": "1033.Stereum rugosum",
    "1348": "1034.Stereum sanguinolentum",
    "1349": "1062.Tapinella panuoides",
    "1350": "1076.Tremella mesenterica",
    "1351": "1077.Tremiscus helvelloides",
    "1352": "1084.Tricholoma argyraceum",
    "1353": "1086.Tricholoma squarrulosum",
    "1354": "1094.Tricholoma imbricatum",
    "1355": "1096.Tricholoma matsutake",
    "1356": "1098.Tricholoma pessundatum",
    "1357": "1104.Tricholoma sciodes",
    "1358": "1105.Tricholoma sejunctum",
    "1359": "1107.Tricholoma stiparophyllum",
    "1360": "1111.Tricholomopsis decora",
    "1361": "1115.Tubaria dispersa",
    "1362": "1117.Tubifera ferruginosa",
    "1363": "1120.Tylopilus felleus",
    "1364": "1129.Vuilleminia comedens",
    "1365": "1133.Xerula pudens",
    "1366": "1157.Xerocomus ferrugineus",
    "1367": "1165.Cortinarius emollitus",
    "1368": "1169.Entoloma sericeum var. cinereo-opacum",
    "1369": "1194.Mycena olida",
    "1370": "1231.Hygrocybe konradii",
    "1371": "1234.Lepista saeva",
    "1372": "1238.Octaviania asterosperma",
    "1373": "1249.Pholiotina teneroides",
    "1374": "1250.Ampulloclitocybe clavipes",
    "1375": "1253.Coprinellus micaceus",
    "1376": "1262.Coprinopsis picacea",
    "1377": "1264.Coprinopsis martinii",
    "1378": "1265.Coprinopsis laanii",
    "1379": "1273.Crucibulum crucibuliforme",
    "1380": "1280.Inocybe lilacina",
    "1381": "1299.Tricholoma vaccinum",
    "1382": "1305.Inocybe lacera",
    "1383": "1314.Suillus grevillei",
    "1384": "1318.Crepidotus stenocystis",
    "1385": "1344.Rubroboletus legaliae",
    "1386": "1348.Glutinoglossum glutinosum",
    "1387": "1352.Hortiboletus engelii",
    "1388": "1362.Paralepista gilva",
    "1389": "1366.Cartilosoma ramentaceum",
    "1390": "1373.Picipes badius",
    "1391": "1376.Cladomeris umbellata",
    "1392": "1382.Phaeoclavulina eumorpha",
    "1393": "1388.Xylodon flaviporus (Berk. & M.A. Curtis) Riebesehl & E. Langer"
  },
  "path": "/path/to/records/fungi",
  "file_pattern": "{}.tfrecords",
  "__class__": "DatasetSpecification"
}
