{
  "name": "mscoco",
  "classes_per_split": {
    "TRAIN": 0,
    "VALID": 40,
    "TEST": 40
  },
  "images_per_class": {
    "67": 2918,
    "7": 5508,
    "71": 8652,
    "29": 5805,
    "48": 10806,
    "6": 4768,
    "49": 6587,
    "50": 9509,
    "51": 8147,
    "58": 24342,
    "70": 5779,
    "69": 38491,
    "27": 15714,
    "40": 7113,
    "41": 43867,
    "1": 8725,
    "42": 5135,
    "43": 6069,
    "2": 4571,
    "45": 10759,
    "0": 262465,
    "46": 1983,
    "12": 11431,
    "53": 6496,
    "16": 6347,
    "22": 4373,
    "72": 4192,
    "32": 6434,
    "77": 2637,
    "36": 6334,
    "39": 1954,
    "44": 9973,
    "3": 12884,
    "4": 1865,
    "5": 1285,
    "47": 9838,
    "8": 5513,
    "52": 5131,
    "54": 2682,
    "55": 6646,
    "15": 2685,
    "17": 9076,
    "56": 3276,
    "18": 3747,
    "19": 5543,
    "20": 6126,
    "57": 4812,
    "59": 7913,
    "60": 20650,
    "61": 5479,
    "21": 7770,
    "62": 6165,
    "63": 14358,
    "64": 9458,
    "65": 5851,
    "66": 6399,
    "23": 7308,
    "24": 7852,
    "68": 5821,
    "25": 7179,
    "26": 6353,
    "28": 4157,
    "30": 4970,
    "73": 2262,
    "31": 5703,
    "74": 2855,
    "33": 1673,
    "34": 3334,
    "75": 225,
    "76": 5610,
    "35": 24715,
    "78": 6613,
    "79": 1481,
    "37": 4793,
    "38": 198,
    "11": 8720,
    "13": 12354,
    "14": 6192,
    "10": 5303,
    "9": 1294
  },
  "class_names": {
    "0": "person",
    "1": "motorcycle",
    "2": "train",
    "3": "traffic light",
    "4": "fire hydrant",
    "5": "parking meter",
    "6": "cat",
    "7": "dog",
    "8": "elephant",
    "9": "bear",
    "10": "zebra",
    "11": "backpack",
    "12": "umbrella",
    "13": "handbag",
    "14": "suitcase",
    "15": "snowboard",
    "16": "sports ball",
    "17": "kite",
    "18": "baseball glove",
    "19": "skateboard",
    "20": "surfboard",
    "21": "knife",
    "22": "sandwich",
    "23": "broccoli",
    "24": "carrot",
    "25": "donut",
    "26": "cake",
    "27": "dining table",
    "28": "toilet",
    "29": "tv",
    "30": "laptop",
    "31": "remote",
    "32": "cell phone",
    "33": "microwave",
    "34": "oven",
    "35": "book",
    "36": "clock",
    "37": "teddy bear",
    "38": "hair drier",
    "39": "toothbrush",
    "40": "bicycle",
    "41": "car",
    "42": "airplane",
    "43": "bus",
    "44": "truck",
    "45": "boat",
    "46": "stop sign",
    "47": "bench",
    "48": "bird",
    "49": "horse",
    "50": "sheep",
    "51": "cow",
    "52": "giraffe",
    "53": "tie",
    "54": "frisbee",
    "55": "skis",
    "56": "baseball bat",
    "57": "tennis racket",
    "58": "bottle",
    "59": "wine glass",
    "60": "cup",
    "61": "fork",
    "62": "spoon",
    "63": "bowl",
    "64": "banana",
    "65": "apple",
    "66": "orange",
    "67": "hot dog",
    "68": "pizza",
    "69": "chair",
    "70": "couch",
    "71": "potted plant",
    "72": "bed",
    "73": "mouse",
    "74": "keyboard",
    "75": "toaster",
    "76": "sink",
    "77": "refrigerator",
    "78": "vase",
    "79": "scissors"
  },
  "path": "/path/to/records/mscoco",
  "file_pattern": "{}.tfrecords",
  "__class__": "DatasetSpecification"
}
