{
  "name": "omniglot",
  "superclasses_per_split": {
    "TRAIN": 25,
    "VALID": 5,
    "TEST": 20
  },
  "classes_per_superclass": {
    "0": 29,
    "1": 26,
    "2": 41,
    "3": 40,
    "4": 24,
    "5": 46,
    "6": 26,
    "7": 34,
    "8": 33,
    "9": 22,
    "10": 26,
    "11": 43,
    "12": 24,
    "13": 48,
    "14": 22,
    "15": 52,
    "16": 47,
    "17": 40,
    "18": 26,
    "19": 40,
    "20": 41,
    "21": 33,
    "22": 42,
    "23": 23,
    "24": 55,
    "25": 14,
    "26": 14,
    "27": 16,
    "28": 17,
    "29": 20,
    "30": 20,
    "31": 26,
    "32": 26,
    "33": 26,
    "34": 26,
    "35": 26,
    "36": 45,
    "37": 45,
    "38": 41,
    "39": 26,
    "40": 47,
    "41": 40,
    "42": 30,
    "43": 45,
    "44": 46,
    "45": 28,
    "46": 23,
    "47": 25,
    "48": 42,
    "49": 26
  },
  "images_per_class": {
    "0": 20,
    "1": 20,
    "2": 20,
    "3": 20,
    "4": 20,
    "5": 20,
    "6": 20,
    "7": 20,
    "8": 20,
    "9": 20,
    "10": 20,
    "11": 20,
    "12": 20,
    "13": 20,
    "14": 20,
    "15": 20,
    "16": 20,
    "17": 20,
    "18": 20,
    "19": 20,
    "20": 20,
    "21": 20,
    "22": 20,
    "23": 20,
    "24": 20,
    "25": 20,
    "26": 20,
    "27": 20,
    "28": 20,
    "29": 20,
    "30": 20,
    "31": 20,
    "32": 20,
    "33": 20,
    "34": 20,
    "35": 20,
    "36": 20,
    "37": 20,
    "38": 20,
    "39": 20,
    "40": 20,
    "41": 20,
    "42": 20,
    "43": 20,
    "44": 20,
    "45": 20,
    "46": 20,
    "47": 20,
    "48": 20,
    "49": 20,
    "50": 20,
    "51": 20,
    "52": 20,
    "53": 20,
    "54": 20,
    "55": 20,
    "56": 20,
    "57": 20,
    "58": 20,
    "59": 20,
    "60": 20,
    "61": 20,
    "62": 20,
    "63": 20,
    "64": 20,
    "65": 20,
    "66": 20,
    "67": 20,
    "68": 20,
    "69": 20,
    "70": 20,
    "71": 20,
    "72": 20,
    "73": 20,
    "74": 20,
    "75": 20,
    "76": 20,
    "77": 20,
    "78": 20,
    "79": 20,
    "80": 20,
    "81": 20,
    "82": 20,
    "83": 20,
    "84": 20,
    "85": 20,
    "86": 20,
    "87": 20,
    "88": 20,
    "89": 20,
    "90": 20,
    "91": 20,
    "92": 20,
    "93": 20,
    "94": 20,
    "95": 20,
    "96": 20,
    "97": 20,
    "98": 20,
    "99": 20,
    "100": 20,
    "101": 20,
    "102": 20,
    "103": 20,
    "104": 20,
    "105": 20,
    "106": 20,
    "107": 20,
    "108": 20,
    "109": 20,
    "110": 20,
    "111": 20,
    "112": 20,
    "113": 20,
    "114": 20,
    "115": 20,
    "116": 20,
    "117": 20,
    "118": 20,
    "119": 20,
    "120": 20,
    "121": 20,
    "122": 20,
    "123": 20,
    "124": 20,
    "125": 20,
    "126": 20,
    "127": 20,
    "128": 20,
    "129": 20,
    "130": 20,
    "131": 20,
    "132": 20,
    "133": 20,
    "134": 20,
    "135": 20,
    "136": 20,
    "137": 20,
    "138": 20,
    "139": 20,
    "140": 20,
    "141": 20,
    "142": 20,
    "143": 20,
    "144": 20,
    "145": 20,
    "146": 20,
    "147": 20,
    "148": 20,
    "149": 20,
    "150": 20,
    "151": 20,
    "152": 20,
    "153": 20,
    "154": 20,
    "155": 20,
    "156": 20,
    "157": 20,
    "158": 20,
    "159": 20,
    "160": 20,
    "161": 20,
    "162": 20,
    "163": 20,
    "164": 20,
    "165": 20,
    "166": 20,
    "167": 20,
    "168": 20,
    "169": 20,
    "170": 20,
    "171": 20,
    "172": 20,
    "173": 20,
    "174": 20,
    "175": 20,
    "176": 20,
    "177": 20,
    "178": 20,
    "179": 20,
    "180": 20,
    "181": 20,
    "182": 20,
    "183": 20,
    "184": 20,
    "185": 20,
    "186": 20,
    "187": 20,
    "188": 20,
    "189": 20,
    "190": 20,
    "191": 20,
    "192": 20,
    "193": 20,
    "194": 20,
    "195": 20,
    "196": 20,
    "197": 20,
    "198": 20,
    "199": 20,
    "200": 20,
    "201": 20,
    "202": 20,
    "203": 20,
    "204": 20,
    "205": 20,
    "206": 20,
    "207": 20,
    "208": 20,
    "209": 20,
    "210": 20,
    "211": 20,
    "212": 20,
    "213": 20,
    "214": 20,
    "215": 20,
    "216": 20,
    "217": 20,
    "218": 20,
    "219": 20,
    "220": 20,
    "221": 20,
    "222": 20,
    "223": 20,
    "224": 20,
    "225": 20,
    "226": 20,
    "227": 20,
    "228": 20,
    "229": 20,
    "230": 20,
    "231": 20,
    "232": 20,
    "233": 20,
    "234": 20,
    "235": 20,
    "236": 20,
    "237": 20,
    "238": 20,
    "239": 20,
    "240": 20,
    "241": 20,
    "242": 20,
    "243": 20,
    "244": 20,
    "245": 20,
    "246": 20,
    "247": 20,
    "248": 20,
    "249": 20,
    "250": 20,
    "251": 20,
    "252": 20,
    "253": 20,
    "254": 20,
    "255": 20,
    "256": 20,
    "257": 20,
    "258": 20,
    "259": 20,
    "260": 20,
    "261": 20,
    "262": 20,
    "263": 20,
    "264": 20,
    "265": 20,
    "266": 20,
    "267": 20,
    "268": 20,
    "269": 20,
    "270": 20,
    "271": 20,
    "272": 20,
    "273": 20,
    "274": 20,
    "275": 20,
    "276": 20,
    "277": 20,
    "278": 20,
    "279": 20,
    "280": 20,
    "281": 20,
    "282": 20,
    "283": 20,
    "284": 20,
    "285": 20,
    "286": 20,
    "287": 20,
    "288": 20,
    "289": 20,
    "290": 20,
    "291": 20,
    "292": 20,
    "293": 20,
    "294": 20,
    "295": 20,
    "296": 20,
    "297": 20,
    "298": 20,
    "299": 20,
    "300": 20,
    "301": 20,
    "302": 20,
    "303": 20,
    "304": 20,
    "305": 20,
    "306": 20,
    "307": 20,
    "308": 20,
    "309": 20,
    "310": 20,
    "311": 20,
    "312": 20,
    "313": 20,
    "314": 20,
    "315": 20,
    "316": 20,
    "317": 20,
    "318": 20,
    "319": 20,
    "320": 20,
    "321": 20,
    "322": 20,
    "323": 20,
    "324": 20,
    "325": 20,
    "326": 20,
    "327": 20,
    "328": 20,
    "329": 20,
    "330": 20,
    "331": 20,
    "332": 20,
    "333": 20,
    "334": 20,
    "335": 20,
    "336": 20,
    "337": 20,
    "338": 20,
    "339": 20,
    "340": 20,
    "341": 20,
    "342": 20,
    "343": 20,
    "344": 20,
    "345": 20,
    "346": 20,
    "347": 20,
    "348": 20,
    "349": 20,
    "350": 20,
    "351": 20,
    "352": 20,
    "353": 20,
    "354": 20,
    "355": 20,
    "356": 20,
    "357": 20,
    "358": 20,
    "359": 20,
    "360": 20,
    "361": 20,
    "362": 20,
    "363": 20,
    "364": 20,
    "365": 20,
    "366": 20,
    "367": 20,
    "368": 20,
    "369": 20,
    "370": 20,
    "371": 20,
    "372": 20,
    "373": 20,
    "374": 20,
    "375": 20,
    "376": 20,
    "377": 20,
    "378": 20,
    "379": 20,
    "380": 20,
    "381": 20,
    "382": 20,
    "383": 20,
    "384": 20,
    "385": 20,
    "386": 20,
    "387": 20,
    "388": 20,
    "389": 20,
    "390": 20,
    "391": 20,
    "392": 20,
    "393": 20,
    "394": 20,
    "395": 20,
    "396": 20,
    "397": 20,
    "398": 20,
    "399": 20,
    "400": 20,
    "401": 20,
    "402": 20,
    "403": 20,
    "404": 20,
    "405": 20,
    "406": 20,
    "407": 20,
    "408": 20,
    "409": 20,
    "410": 20,
    "411": 20,
    "412": 20,
    "413": 20,
    "414": 20,
    "415": 20,
    "416": 20,
    "417": 20,
    "418": 20,
    "419": 20,
    "420": 20,
    "421": 20,
    "422": 20,
    "423": 20,
    "424": 20,
    "425": 20,
    "426": 20,
    "427": 20,
    "428": 20,
    "429": 20,
    "430": 20,
    "431": 20,
    "432": 20,
    "433": 20,
    "434": 20,
    "435": 20,
    "436": 20,
    "437": 20,
    "438": 20,
    "439": 20,
    "440": 20,
    "441": 20,
    "442": 20,
    "443": 20,
    "444": 20,
    "445": 20,
    "446": 20,
    "447": 20,
    "448": 20,
    "449": 20,
    "450": 20,
    "451": 20,
    "452": 20,
    "453": 20,
    "454": 20,
    "455": 20,
    "456": 20,
    "457": 20,
    "458": 20,
    "459": 20,
    "460": 20,
    "461": 20,
    "462": 20,
    "463": 20,
    "464": 20,
    "465": 20,
    "466": 20,
    "467": 20,
    "468": 20,
    "469": 20,
    "470": 20,
    "471": 20,
    "472": 20,
    "473": 20,
    "474": 20,
    "475": 20,
    "476": 20,
    "477": 20,
    "478": 20,
    "479": 20,
    "480": 20,
    "481": 20,
    "482": 20,
    "483": 20,
    "484": 20,
    "485": 20,
    "486": 20,
    "487": 20,
    "488": 20,
    "489": 20,
    "490": 20,
    "491": 20,
    "492": 20,
    "493": 20,
    "494": 20,
    "495": 20,
    "496": 20,
    "497": 20,
    "498": 20,
    "499": 20,
    "500": 20,
    "501": 20,
    "502": 20,
    "503": 20,
    "504": 20,
    "505": 20,
    "506": 20,
    "507": 20,
    "508": 20,
    "509": 20,
    "510": 20,
    "511": 20,
    "512": 20,
    "513": 20,
    "514": 20,
    "515": 20,
    "516": 20,
    "517": 20,
    "518": 20,
    "519": 20,
    "520": 20,
    "521": 20,
    "522": 20,
    "523": 20,
    "524": 20,
    "525": 20,
    "526": 20,
    "527": 20,
    "528": 20,
    "529": 20,
    "530": 20,
    "531": 20,
    "532": 20,
    "533": 20,
    "534": 20,
    "535": 20,
    "536": 20,
    "537": 20,
    "538": 20,
    "539": 20,
    "540": 20,
    "541": 20,
    "542": 20,
    "543": 20,
    "544": 20,
    "545": 20,
    "546": 20,
    "547": 20,
    "548": 20,
    "549": 20,
    "550": 20,
    "551": 20,
    "552": 20,
    "553": 20,
    "554": 20,
    "555": 20,
    "556": 20,
    "557": 20,
    "558": 20,
    "559": 20,
    "560": 20,
    "561": 20,
    "562": 20,
    "563": 20,
    "564": 20,
    "565": 20,
    "566": 20,
    "567": 20,
    "568": 20,
    "569": 20,
    "570": 20,
    "571": 20,
    "572": 20,
    "573": 20,
    "574": 20,
    "575": 20,
    "576": 20,
    "577": 20,
    "578": 20,
    "579": 20,
    "580": 20,
    "581": 20,
    "582": 20,
    "583": 20,
    "584": 20,
    "585": 20,
    "586": 20,
    "587": 20,
    "588": 20,
    "589": 20,
    "590": 20,
    "591": 20,
    "592": 20,
    "593": 20,
    "594": 20,
    "595": 20,
    "596": 20,
    "597": 20,
    "598": 20,
    "599": 20,
    "600": 20,
    "601": 20,
    "602": 20,
    "603": 20,
    "604": 20,
    "605": 20,
    "606": 20,
    "607": 20,
    "608": 20,
    "609": 20,
    "610": 20,
    "611": 20,
    "612": 20,
    "613": 20,
    "614": 20,
    "615": 20,
    "616": 20,
    "617": 20,
    "618": 20,
    "619": 20,
    "620": 20,
    "621": 20,
    "622": 20,
    "623": 20,
    "624": 20,
    "625": 20,
    "626": 20,
    "627": 20,
    "628": 20,
    "629": 20,
    "630": 20,
    "631": 20,
    "632": 20,
    "633": 20,
    "634": 20,
    "635": 20,
    "636": 20,
    "637": 20,
    "638": 20,
    "639": 20,
    "640": 20,
    "641": 20,
    "642": 20,
    "643": 20,
    "644": 20,
    "645": 20,
    "646": 20,
    "647": 20,
    "648": 20,
    "649": 20,
    "650": 20,
    "651": 20,
    "652": 20,
    "653": 20,
    "654": 20,
    "655": 20,
    "656": 20,
    "657": 20,
    "658": 20,
    "659": 20,
    "660": 20,
    "661": 20,
    "662": 20,
    "663": 20,
    "664": 20,
    "665": 20,
    "666": 20,
    "667": 20,
    "668": 20,
    "669": 20,
    "670": 20,
    "671": 20,
    "672": 20,
    "673": 20,
    "674": 20,
    "675": 20,
    "676": 20,
    "677": 20,
    "678": 20,
    "679": 20,
    "680": 20,
    "681": 20,
    "682": 20,
    "683": 20,
    "684": 20,
    "685": 20,
    "686": 20,
    "687": 20,
    "688": 20,
    "689": 20,
    "690": 20,
    "691": 20,
    "692": 20,
    "693": 20,
    "694": 20,
    "695": 20,
    "696": 20,
    "697": 20,
    "698": 20,
    "699": 20,
    "700": 20,
    "701": 20,
    "702": 20,
    "703": 20,
    "704": 20,
    "705": 20,
    "706": 20,
    "707": 20,
    "708": 20,
    "709": 20,
    "710": 20,
    "711": 20,
    "712": 20,
    "713": 20,
    "714": 20,
    "715": 20,
    "716": 20,
    "717": 20,
    "718": 20,
    "719": 20,
    "720": 20,
    "721": 20,
    "722": 20,
    "723": 20,
    "724": 20,
    "725": 20,
    "726": 20,
    "727": 20,
    "728": 20,
    "729": 20,
    "730": 20,
    "731": 20,
    "732": 20,
    "733": 20,
    "734": 20,
    "735": 20,
    "736": 20,
    "737": 20,
    "738": 20,
    "739": 20,
    "740": 20,
    "741": 20,
    "742": 20,
    "743": 20,
    "744": 20,
    "745": 20,
    "746": 20,
    "747": 20,
    "748": 20,
    "749": 20,
    "750": 20,
    "751": 20,
    "752": 20,
    "753": 20,
    "754": 20,
    "755": 20,
    "756": 20,
    "757": 20,
    "758": 20,
    "759": 20,
    "760": 20,
    "761": 20,
    "762": 20,
    "763": 20,
    "764": 20,
    "765": 20,
    "766": 20,
    "767": 20,
    "768": 20,
    "769": 20,
    "770": 20,
    "771": 20,
    "772": 20,
    "773": 20,
    "774": 20,
    "775": 20,
    "776": 20,
    "777": 20,
    "778": 20,
    "779": 20,
    "780": 20,
    "781": 20,
    "782": 20,
    "783": 20,
    "784": 20,
    "785": 20,
    "786": 20,
    "787": 20,
    "788": 20,
    "789": 20,
    "790": 20,
    "791": 20,
    "792": 20,
    "793": 20,
    "794": 20,
    "795": 20,
    "796": 20,
    "797": 20,
    "798": 20,
    "799": 20,
    "800": 20,
    "801": 20,
    "802": 20,
    "803": 20,
    "804": 20,
    "805": 20,
    "806": 20,
    "807": 20,
    "808": 20,
    "809": 20,
    "810": 20,
    "811": 20,
    "812": 20,
    "813": 20,
    "814": 20,
    "815": 20,
    "816": 20,
    "817": 20,
    "818": 20,
    "819": 20,
    "820": 20,
    "821": 20,
    "822": 20,
    "823": 20,
    "824": 20,
    "825": 20,
    "826": 20,
    "827": 20,
    "828": 20,
    "829": 20,
    "830": 20,
    "831": 20,
    "832": 20,
    "833": 20,
    "834": 20,
    "835": 20,
    "836": 20,
    "837": 20,
    "838": 20,
    "839": 20,
    "840": 20,
    "841": 20,
    "842": 20,
    "843": 20,
    "844": 20,
    "845": 20,
    "846": 20,
    "847": 20,
    "848": 20,
    "849": 20,
    "850": 20,
    "851": 20,
    "852": 20,
    "853": 20,
    "854": 20,
    "855": 20,
    "856": 20,
    "857": 20,
    "858": 20,
    "859": 20,
    "860": 20,
    "861": 20,
    "862": 20,
    "863": 20,
    "864": 20,
    "865": 20,
    "866": 20,
    "867": 20,
    "868": 20,
    "869": 20,
    "870": 20,
    "871": 20,
    "872": 20,
    "873": 20,
    "874": 20,
    "875": 20,
    "876": 20,
    "877": 20,
    "878": 20,
    "879": 20,
    "880": 20,
    "881": 20,
    "882": 20,
    "883": 20,
    "884": 20,
    "885": 20,
    "886": 20,
    "887": 20,
    "888": 20,
    "889": 20,
    "890": 20,
    "891": 20,
    "892": 20,
    "893": 20,
    "894": 20,
    "895": 20,
    "896": 20,
    "897": 20,
    "898": 20,
    "899": 20,
    "900": 20,
    "901": 20,
    "902": 20,
    "903": 20,
    "904": 20,
    "905": 20,
    "906": 20,
    "907": 20,
    "908": 20,
    "909": 20,
    "910": 20,
    "911": 20,
    "912": 20,
    "913": 20,
    "914": 20,
    "915": 20,
    "916": 20,
    "917": 20,
    "918": 20,
    "919": 20,
    "920": 20,
    "921": 20,
    "922": 20,
    "923": 20,
    "924": 20,
    "925": 20,
    "926": 20,
    "927": 20,
    "928": 20,
    "929": 20,
    "930": 20,
    "931": 20,
    "932": 20,
    "933": 20,
    "934": 20,
    "935": 20,
    "936": 20,
    "937": 20,
    "938": 20,
    "939": 20,
    "940": 20,
    "941": 20,
    "942": 20,
    "943": 20,
    "944": 20,
    "945": 20,
    "946": 20,
    "947": 20,
    "948": 20,
    "949": 20,
    "950": 20,
    "951": 20,
    "952": 20,
    "953": 20,
    "954": 20,
    "955": 20,
    "956": 20,
    "957": 20,
    "958": 20,
    "959": 20,
    "960": 20,
    "961": 20,
    "962": 20,
    "963": 20,
    "964": 20,
    "965": 20,
    "966": 20,
    "967": 20,
    "968": 20,
    "969": 20,
    "970": 20,
    "971": 20,
    "972": 20,
    "973": 20,
    "974": 20,
    "975": 20,
    "976": 20,
    "977": 20,
    "978": 20,
    "979": 20,
    "980": 20,
    "981": 20,
    "982": 20,
    "983": 20,
    "984": 20,
    "985": 20,
    "986": 20,
    "987": 20,
    "988": 20,
    "989": 20,
    "990": 20,
    "991": 20,
    "992": 20,
    "993": 20,
    "994": 20,
    "995": 20,
    "996": 20,
    "997": 20,
    "998": 20,
    "999": 20,
    "1000": 20,
    "1001": 20,
    "1002": 20,
    "1003": 20,
    "1004": 20,
    "1005": 20,
    "1006": 20,
    "1007": 20,
    "1008": 20,
    "1009": 20,
    "1010": 20,
    "1011": 20,
    "1012": 20,
    "1013": 20,
    "1014": 20,
    "1015": 20,
    "1016": 20,
    "1017": 20,
    "1018": 20,
    "1019": 20,
    "1020": 20,
    "1021": 20,
    "1022": 20,
    "1023": 20,
    "1024": 20,
    "1025": 20,
    "1026": 20,
    "1027": 20,
    "1028": 20,
    "1029": 20,
    "1030": 20,
    "1031": 20,
    "1032": 20,
    "1033": 20,
    "1034": 20,
    "1035": 20,
    "1036": 20,
    "1037": 20,
    "1038": 20,
    "1039": 20,
    "1040": 20,
    "1041": 20,
    "1042": 20,
    "1043": 20,
    "1044": 20,
    "1045": 20,
    "1046": 20,
    "1047": 20,
    "1048": 20,
    "1049": 20,
    "1050": 20,
    "1051": 20,
    "1052": 20,
    "1053": 20,
    "1054": 20,
    "1055": 20,
    "1056": 20,
    "1057": 20,
    "1058": 20,
    "1059": 20,
    "1060": 20,
    "1061": 20,
    "1062": 20,
    "1063": 20,
    "1064": 20,
    "1065": 20,
    "1066": 20,
    "1067": 20,
    "1068": 20,
    "1069": 20,
    "1070": 20,
    "1071": 20,
    "1072": 20,
    "1073": 20,
    "1074": 20,
    "1075": 20,
    "1076": 20,
    "1077": 20,
    "1078": 20,
    "1079": 20,
    "1080": 20,
    "1081": 20,
    "1082": 20,
    "1083": 20,
    "1084": 20,
    "1085": 20,
    "1086": 20,
    "1087": 20,
    "1088": 20,
    "1089": 20,
    "1090": 20,
    "1091": 20,
    "1092": 20,
    "1093": 20,
    "1094": 20,
    "1095": 20,
    "1096": 20,
    "1097": 20,
    "1098": 20,
    "1099": 20,
    "1100": 20,
    "1101": 20,
    "1102": 20,
    "1103": 20,
    "1104": 20,
    "1105": 20,
    "1106": 20,
    "1107": 20,
    "1108": 20,
    "1109": 20,
    "1110": 20,
    "1111": 20,
    "1112": 20,
    "1113": 20,
    "1114": 20,
    "1115": 20,
    "1116": 20,
    "1117": 20,
    "1118": 20,
    "1119": 20,
    "1120": 20,
    "1121": 20,
    "1122": 20,
    "1123": 20,
    "1124": 20,
    "1125": 20,
    "1126": 20,
    "1127": 20,
    "1128": 20,
    "1129": 20,
    "1130": 20,
    "1131": 20,
    "1132": 20,
    "1133": 20,
    "1134": 20,
    "1135": 20,
    "1136": 20,
    "1137": 20,
    "1138": 20,
    "1139": 20,
    "1140": 20,
    "1141": 20,
    "1142": 20,
    "1143": 20,
    "1144": 20,
    "1145": 20,
    "1146": 20,
    "1147": 20,
    "1148": 20,
    "1149": 20,
    "1150": 20,
    "1151": 20,
    "1152": 20,
    "1153": 20,
    "1154": 20,
    "1155": 20,
    "1156": 20,
    "1157": 20,
    "1158": 20,
    "1159": 20,
    "1160": 20,
    "1161": 20,
    "1162": 20,
    "1163": 20,
    "1164": 20,
    "1165": 20,
    "1166": 20,
    "1167": 20,
    "1168": 20,
    "1169": 20,
    "1170": 20,
    "1171": 20,
    "1172": 20,
    "1173": 20,
    "1174": 20,
    "1175": 20,
    "1176": 20,
    "1177": 20,
    "1178": 20,
    "1179": 20,
    "1180": 20,
    "1181": 20,
    "1182": 20,
    "1183": 20,
    "1184": 20,
    "1185": 20,
    "1186": 20,
    "1187": 20,
    "1188": 20,
    "1189": 20,
    "1190": 20,
    "1191": 20,
    "1192": 20,
    "1193": 20,
    "1194": 20,
    "1195": 20,
    "1196": 20,
    "1197": 20,
    "1198": 20,
    "1199": 20,
    "1200": 20,
    "1201": 20,
    "1202": 20,
    "1203": 20,
    "1204": 20,
    "1205": 20,
    "1206": 20,
    "1207": 20,
    "1208": 20,
    "1209": 20,
    "1210": 20,
    "1211": 20,
    "1212": 20,
    "1213": 20,
    "1214": 20,
    "1215": 20,
    "1216": 20,
    "1217": 20,
    "1218": 20,
    "1219": 20,
    "1220": 20,
    "1221": 20,
    "1222": 20,
    "1223": 20,
    "1224": 20,
    "1225": 20,
    "1226": 20,
    "1227": 20,
    "1228": 20,
    "1229": 20,
    "1230": 20,
    "1231": 20,
    "1232": 20,
    "1233": 20,
    "1234": 20,
    "1235": 20,
    "1236": 20,
    "1237": 20,
    "1238": 20,
    "1239": 20,
    "1240": 20,
    "1241": 20,
    "1242": 20,
    "1243": 20,
    "1244": 20,
    "1245": 20,
    "1246": 20,
    "1247": 20,
    "1248": 20,
    "1249": 20,
    "1250": 20,
    "1251": 20,
    "1252": 20,
    "1253": 20,
    "1254": 20,
    "1255": 20,
    "1256": 20,
    "1257": 20,
    "1258": 20,
    "1259": 20,
    "1260": 20,
    "1261": 20,
    "1262": 20,
    "1263": 20,
    "1264": 20,
    "1265": 20,
    "1266": 20,
    "1267": 20,
    "1268": 20,
    "1269": 20,
    "1270": 20,
    "1271": 20,
    "1272": 20,
    "1273": 20,
    "1274": 20,
    "1275": 20,
    "1276": 20,
    "1277": 20,
    "1278": 20,
    "1279": 20,
    "1280": 20,
    "1281": 20,
    "1282": 20,
    "1283": 20,
    "1284": 20,
    "1285": 20,
    "1286": 20,
    "1287": 20,
    "1288": 20,
    "1289": 20,
    "1290": 20,
    "1291": 20,
    "1292": 20,
    "1293": 20,
    "1294": 20,
    "1295": 20,
    "1296": 20,
    "1297": 20,
    "1298": 20,
    "1299": 20,
    "1300": 20,
    "1301": 20,
    "1302": 20,
    "1303": 20,
    "1304": 20,
    "1305": 20,
    "1306": 20,
    "1307": 20,
    "1308": 20,
    "1309": 20,
    "1310": 20,
    "1311": 20,
    "1312": 20,
    "1313": 20,
    "1314": 20,
    "1315": 20,
    "1316": 20,
    "1317": 20,
    "1318": 20,
    "1319": 20,
    "1320": 20,
    "1321": 20,
    "1322": 20,
    "1323": 20,
    "1324": 20,
    "1325": 20,
    "1326": 20,
    "1327": 20,
    "1328": 20,
    "1329": 20,
    "1330": 20,
    "1331": 20,
    "1332": 20,
    "1333": 20,
    "1334": 20,
    "1335": 20,
    "1336": 20,
    "1337": 20,
    "1338": 20,
    "1339": 20,
    "1340": 20,
    "1341": 20,
    "1342": 20,
    "1343": 20,
    "1344": 20,
    "1345": 20,
    "1346": 20,
    "1347": 20,
    "1348": 20,
    "1349": 20,
    "1350": 20,
    "1351": 20,
    "1352": 20,
    "1353": 20,
    "1354": 20,
    "1355": 20,
    "1356": 20,
    "1357": 20,
    "1358": 20,
    "1359": 20,
    "1360": 20,
    "1361": 20,
    "1362": 20,
    "1363": 20,
    "1364": 20,
    "1365": 20,
    "1366": 20,
    "1367": 20,
    "1368": 20,
    "1369": 20,
    "1370": 20,
    "1371": 20,
    "1372": 20,
    "1373": 20,
    "1374": 20,
    "1375": 20,
    "1376": 20,
    "1377": 20,
    "1378": 20,
    "1379": 20,
    "1380": 20,
    "1381": 20,
    "1382": 20,
    "1383": 20,
    "1384": 20,
    "1385": 20,
    "1386": 20,
    "1387": 20,
    "1388": 20,
    "1389": 20,
    "1390": 20,
    "1391": 20,
    "1392": 20,
    "1393": 20,
    "1394": 20,
    "1395": 20,
    "1396": 20,
    "1397": 20,
    "1398": 20,
    "1399": 20,
    "1400": 20,
    "1401": 20,
    "1402": 20,
    "1403": 20,
    "1404": 20,
    "1405": 20,
    "1406": 20,
    "1407": 20,
    "1408": 20,
    "1409": 20,
    "1410": 20,
    "1411": 20,
    "1412": 20,
    "1413": 20,
    "1414": 20,
    "1415": 20,
    "1416": 20,
    "1417": 20,
    "1418": 20,
    "1419": 20,
    "1420": 20,
    "1421": 20,
    "1422": 20,
    "1423": 20,
    "1424": 20,
    "1425": 20,
    "1426": 20,
    "1427": 20,
    "1428": 20,
    "1429": 20,
    "1430": 20,
    "1431": 20,
    "1432": 20,
    "1433": 20,
    "1434": 20,
    "1435": 20,
    "1436": 20,
    "1437": 20,
    "1438": 20,
    "1439": 20,
    "1440": 20,
    "1441": 20,
    "1442": 20,
    "1443": 20,
    "1444": 20,
    "1445": 20,
    "1446": 20,
    "1447": 20,
    "1448": 20,
    "1449": 20,
    "1450": 20,
    "1451": 20,
    "1452": 20,
    "1453": 20,
    "1454": 20,
    "1455": 20,
    "1456": 20,
    "1457": 20,
    "1458": 20,
    "1459": 20,
    "1460": 20,
    "1461": 20,
    "1462": 20,
    "1463": 20,
    "1464": 20,
    "1465": 20,
    "1466": 20,
    "1467": 20,
    "1468": 20,
    "1469": 20,
    "1470": 20,
    "1471": 20,
    "1472": 20,
    "1473": 20,
    "1474": 20,
    "1475": 20,
    "1476": 20,
    "1477": 20,
    "1478": 20,
    "1479": 20,
    "1480": 20,
    "1481": 20,
    "1482": 20,
    "1483": 20,
    "1484": 20,
    "1485": 20,
    "1486": 20,
    "1487": 20,
    "1488": 20,
    "1489": 20,
    "1490": 20,
    "1491": 20,
    "1492": 20,
    "1493": 20,
    "1494": 20,
    "1495": 20,
    "1496": 20,
    "1497": 20,
    "1498": 20,
    "1499": 20,
    "1500": 20,
    "1501": 20,
    "1502": 20,
    "1503": 20,
    "1504": 20,
    "1505": 20,
    "1506": 20,
    "1507": 20,
    "1508": 20,
    "1509": 20,
    "1510": 20,
    "1511": 20,
    "1512": 20,
    "1513": 20,
    "1514": 20,
    "1515": 20,
    "1516": 20,
    "1517": 20,
    "1518": 20,
    "1519": 20,
    "1520": 20,
    "1521": 20,
    "1522": 20,
    "1523": 20,
    "1524": 20,
    "1525": 20,
    "1526": 20,
    "1527": 20,
    "1528": 20,
    "1529": 20,
    "1530": 20,
    "1531": 20,
    "1532": 20,
    "1533": 20,
    "1534": 20,
    "1535": 20,
    "1536": 20,
    "1537": 20,
    "1538": 20,
    "1539": 20,
    "1540": 20,
    "1541": 20,
    "1542": 20,
    "1543": 20,
    "1544": 20,
    "1545": 20,
    "1546": 20,
    "1547": 20,
    "1548": 20,
    "1549": 20,
    "1550": 20,
    "1551": 20,
    "1552": 20,
    "1553": 20,
    "1554": 20,
    "1555": 20,
    "1556": 20,
    "1557": 20,
    "1558": 20,
    "1559": 20,
    "1560": 20,
    "1561": 20,
    "1562": 20,
    "1563": 20,
    "1564": 20,
    "1565": 20,
    "1566": 20,
    "1567": 20,
    "1568": 20,
    "1569": 20,
    "1570": 20,
    "1571": 20,
    "1572": 20,
    "1573": 20,
    "1574": 20,
    "1575": 20,
    "1576": 20,
    "1577": 20,
    "1578": 20,
    "1579": 20,
    "1580": 20,
    "1581": 20,
    "1582": 20,
    "1583": 20,
    "1584": 20,
    "1585": 20,
    "1586": 20,
    "1587": 20,
    "1588": 20,
    "1589": 20,
    "1590": 20,
    "1591": 20,
    "1592": 20,
    "1593": 20,
    "1594": 20,
    "1595": 20,
    "1596": 20,
    "1597": 20,
    "1598": 20,
    "1599": 20,
    "1600": 20,
    "1601": 20,
    "1602": 20,
    "1603": 20,
    "1604": 20,
    "1605": 20,
    "1606": 20,
    "1607": 20,
    "1608": 20,
    "1609": 20,
    "1610": 20,
    "1611": 20,
    "1612": 20,
    "1613": 20,
    "1614": 20,
    "1615": 20,
    "1616": 20,
    "1617": 20,
    "1618": 20,
    "1619": 20,
    "1620": 20,
    "1621": 20,
    "1622": 20
  },
  "superclass_names": {
    "0": "Anglo-Saxon_Futhorc",
    "1": "Arcadian",
    "2": "Armenian",
    "3": "Asomtavruli_(Georgian)",
    "4": "Balinese",
    "5": "Bengali",
    "6": "Braille",
    "7": "Burmese_(Myanmar)",
    "8": "Cyrillic",
    "9": "Early_Aramaic",
    "10": "Futurama",
    "11": "Grantha",
    "12": "Greek",
    "13": "Gujarati",
    "14": "Hebrew",
    "15": "Japanese_(hiragana)",
    "16": "Japanese_(katakana)",
    "17": "Korean",
    "18": "Latin",
    "19": "Malay_(Jawi_-_Arabic)",
    "20": "Mkhedruli_(Georgian)",
    "21": "N_Ko",
    "22": "Sanskrit",
    "23": "Syriac_(Estrangelo)",
    "24": "Tifinagh",
    "25": "Blackfoot_(Canadian_Aboriginal_Syllabics)",
    "26": "Ojibwe_(Canadian_Aboriginal_Syllabics)",
    "27": "Inuktitut_(Canadian_Aboriginal_Syllabics)",
    "28": "Tagalog",
    "29": "Alphabet_of_the_Magi",
    "30": "Angelic",
    "31": "Atemayar_Qelisayer",
    "32": "Atlantean",
    "33": "Aurek-Besh",
    "34": "Avesta",
    "35": "Ge_ez",
    "36": "Glagolitic",
    "37": "Gurmukhi",
    "38": "Kannada",
    "39": "Keble",
    "40": "Malayalam",
    "41": "Manipuri",
    "42": "Mongolian",
    "43": "Old_Church_Slavonic_(Cyrillic)",
    "44": "Oriya",
    "45": "Sylheti",
    "46": "Syriac_(Serto)",
    "47": "Tengwar",
    "48": "Tibetan",
    "49": "ULOG"
  },
  "class_names": {
    "0": "Anglo-Saxon_Futhorc-character01",
    "1": "Anglo-Saxon_Futhorc-character02",
    "2": "Anglo-Saxon_Futhorc-character03",
    "3": "Anglo-Saxon_Futhorc-character04",
    "4": "Anglo-Saxon_Futhorc-character05",
    "5": "Anglo-Saxon_Futhorc-character06",
    "6": "Anglo-Saxon_Futhorc-character07",
    "7": "Anglo-Saxon_Futhorc-character08",
    "8": "Anglo-Saxon_Futhorc-character09",
    "9": "Anglo-Saxon_Futhorc-character10",
    "10": "Anglo-Saxon_Futhorc-character11",
    "11": "Anglo-Saxon_Futhorc-character12",
    "12": "Anglo-Saxon_Futhorc-character13",
    "13": "Anglo-Saxon_Futhorc-character14",
    "14": "Anglo-Saxon_Futhorc-character15",
    "15": "Anglo-Saxon_Futhorc-character16",
    "16": "Anglo-Saxon_Futhorc-character17",
    "17": "Anglo-Saxon_Futhorc-character18",
    "18": "Anglo-Saxon_Futhorc-character19",
    "19": "Anglo-Saxon_Futhorc-character20",
    "20": "Anglo-Saxon_Futhorc-character21",
    "21": "Anglo-Saxon_Futhorc-character22",
    "22": "Anglo-Saxon_Futhorc-character23",
    "23": "Anglo-Saxon_Futhorc-character24",
    "24": "Anglo-Saxon_Futhorc-character25",
    "25": "Anglo-Saxon_Futhorc-character26",
    "26": "Anglo-Saxon_Futhorc-character27",
    "27": "Anglo-Saxon_Futhorc-character28",
    "28": "Anglo-Saxon_Futhorc-character29",
    "29": "Arcadian-character01",
    "30": "Arcadian-character02",
    "31": "Arcadian-character03",
    "32": "Arcadian-character04",
    "33": "Arcadian-character05",
    "34": "Arcadian-character06",
    "35": "Arcadian-character07",
    "36": "Arcadian-character08",
    "37": "Arcadian-character09",
    "38": "Arcadian-character10",
    "39": "Arcadian-character11",
    "40": "Arcadian-character12",
    "41": "Arcadian-character13",
    "42": "Arcadian-character14",
    "43": "Arcadian-character15",
    "44": "Arcadian-character16",
    "45": "Arcadian-character17",
    "46": "Arcadian-character18",
    "47": "Arcadian-character19",
    "48": "Arcadian-character20",
    "49": "Arcadian-character21",
    "50": "Arcadian-character22",
    "51": "Arcadian-character23",
    "52": "Arcadian-character24",
    "53": "Arcadian-character25",
    "54": "Arcadian-character26",
    "55": "Armenian-character01",
    "56": "Armenian-character02",
    "57": "Armenian-character03",
    "58": "Armenian-character04",
    "59": "Armenian-character05",
    "60": "Armenian-character06",
    "61": "Armenian-character07",
    "62": "Armenian-character08",
    "63": "Armenian-character09",
    "64": "Armenian-character10",
    "65": "Armenian-character11",
    "66": "Armenian-character12",
    "67": "Armenian-character13",
    "68": "Armenian-character14",
    "69": "Armenian-character15",
    "70": "Armenian-character16",
    "71": "Armenian-character17",
    "72": "Armenian-character18",
    "73": "Armenian-character19",
    "74": "Armenian-character20",
    "75": "Armenian-character21",
    "76": "Armenian-character22",
    "77": "Armenian-character23",
    "78": "Armenian-character24",
    "79": "Armenian-character25",
    "80": "Armenian-character26",
    "81": "Armenian-character27",
    "82": "Armenian-character28",
    "83": "Armenian-character29",
    "84": "Armenian-character30",
    "85": "Armenian-character31",
    "86": "Armenian-character32",
    "87": "Armenian-character33",
    "88": "Armenian-character34",
    "89": "Armenian-character35",
    "90": "Armenian-character36",
    "91": "Armenian-character37",
    "92": "Armenian-character38",
    "93": "Armenian-character39",
    "94": "Armenian-character40",
    "95": "Armenian-character41",
    "96": "Asomtavruli_(Georgian)-character01",
    "97": "Asomtavruli_(Georgian)-character02",
    "98": "Asomtavruli_(Georgian)-character03",
    "99": "Asomtavruli_(Georgian)-character04",
    "100": "Asomtavruli_(Georgian)-character05",
    "101": "Asomtavruli_(Georgian)-character06",
    "102": "Asomtavruli_(Georgian)-character07",
    "103": "Asomtavruli_(Georgian)-character08",
    "104": "Asomtavruli_(Georgian)-character09",
    "105": "Asomtavruli_(Georgian)-character10",
    "106": "Asomtavruli_(Georgian)-character11",
    "107": "Asomtavruli_(Georgian)-character12",
    "108": "Asomtavruli_(Georgian)-character13",
    "109": "Asomtavruli_(Georgian)-character14",
    "110": "Asomtavruli_(Georgian)-character15",
    "111": "Asomtavruli_(Georgian)-character16",
    "112": "Asomtavruli_(Georgian)-character17",
    "113": "Asomtavruli_(Georgian)-character18",
    "114": "Asomtavruli_(Georgian)-character19",
    "115": "Asomtavruli_(Georgian)-character20",
    "116": "Asomtavruli_(Georgian)-character21",
    "117": "Asomtavruli_(Georgian)-character22",
    "118": "Asomtavruli_(Georgian)-character23",
    "119": "Asomtavruli_(Georgian)-character24",
    "120": "Asomtavruli_(Georgian)-character25",
    "121": "Asomtavruli_(Georgian)-character26",
    "122": "Asomtavruli_(Georgian)-character27",
    "123": "Asomtavruli_(Georgian)-character28",
    "124": "Asomtavruli_(Georgian)-character29",
    "125": "Asomtavruli_(Georgian)-character30",
    "126": "Asomtavruli_(Georgian)-character31",
    "127": "Asomtavruli_(Georgian)-character32",
    "128": "Asomtavruli_(Georgian)-character33",
    "129": "Asomtavruli_(Georgian)-character34",
    "130": "Asomtavruli_(Georgian)-character35",
    "131": "Asomtavruli_(Georgian)-character36",
    "132": "Asomtavruli_(Georgian)-character37",
    "133": "Asomtavruli_(Georgian)-character38",
    "134": "Asomtavruli_(Georgian)-character39",
    "135": "Asomtavruli_(Georgian)-character40",
    "136": "Balinese-character01",
    "137": "Balinese-character02",
    "138": "Balinese-character03",
    "139": "Balinese-character04",
    "140": "Balinese-character05",
    "141": "Balinese-character06",
    "142": "Balinese-character07",
    "143": "Balinese-character08",
    "144": "Balinese-character09",
    "145": "Balinese-character10",
    "146": "Balinese-character11",
    "147": "Balinese-character12",
    "148": "Balinese-character13",
    "149": "Balinese-character14",
    "150": "Balinese-character15",
    "151": "Balinese-character16",
    "152": "Balinese-character17",
    "153": "Balinese-character18",
    "154": "Balinese-character19",
    "155": "Balinese-character20",
    "156": "Balinese-character21",
    "157": "Balinese-character22",
    "158": "Balinese-character23",
    "159": "Balinese-character24",
    "160": "Bengali-character01",
    "161": "Bengali-character02",
    "162": "Bengali-character03",
    "163": "Bengali-character04",
    "164": "Bengali-character05",
    "165": "Bengali-character06",
    "166": "Bengali-character07",
    "167": "Bengali-character08",
    "168": "Bengali-character09",
    "169": "Bengali-character10",
    "170": "Bengali-character11",
    "171": "Bengali-character12",
    "172": "Bengali-character13",
    "173": "Bengali-character14",
    "174": "Bengali-character15",
    "175": "Bengali-character16",
    "176": "Bengali-character17",
    "177": "Bengali-character18",
    "178": "Bengali-character19",
    "179": "Bengali-character20",
    "180": "Bengali-character21",
    "181": "Bengali-character22",
    "182": "Bengali-character23",
    "183": "Bengali-character24",
    "184": "Bengali-character25",
    "185": "Bengali-character26",
    "186": "Bengali-character27",
    "187": "Bengali-character28",
    "188": "Bengali-character29",
    "189": "Bengali-character30",
    "190": "Bengali-character31",
    "191": "Bengali-character32",
    "192": "Bengali-character33",
    "193": "Bengali-character34",
    "194": "Bengali-character35",
    "195": "Bengali-character36",
    "196": "Bengali-character37",
    "197": "Bengali-character38",
    "198": "Bengali-character39",
    "199": "Bengali-character40",
    "200": "Bengali-character41",
    "201": "Bengali-character42",
    "202": "Bengali-character43",
    "203": "Bengali-character44",
    "204": "Bengali-character45",
    "205": "Bengali-character46",
    "206": "Braille-character01",
    "207": "Braille-character02",
    "208": "Braille-character03",
    "209": "Braille-character04",
    "210": "Braille-character05",
    "211": "Braille-character06",
    "212": "Braille-character07",
    "213": "Braille-character08",
    "214": "Braille-character09",
    "215": "Braille-character10",
    "216": "Braille-character11",
    "217": "Braille-character12",
    "218": "Braille-character13",
    "219": "Braille-character14",
    "220": "Braille-character15",
    "221": "Braille-character16",
    "222": "Braille-character17",
    "223": "Braille-character18",
    "224": "Braille-character19",
    "225": "Braille-character20",
    "226": "Braille-character21",
    "227": "Braille-character22",
    "228": "Braille-character23",
    "229": "Braille-character24",
    "230": "Braille-character25",
    "231": "Braille-character26",
    "232": "Burmese_(Myanmar)-character01",
    "233": "Burmese_(Myanmar)-character02",
    "234": "Burmese_(Myanmar)-character03",
    "235": "Burmese_(Myanmar)-character04",
    "236": "Burmese_(Myanmar)-character05",
    "237": "Burmese_(Myanmar)-character06",
    "238": "Burmese_(Myanmar)-character07",
    "239": "Burmese_(Myanmar)-character08",
    "240": "Burmese_(Myanmar)-character09",
    "241": "Burmese_(Myanmar)-character10",
    "242": "Burmese_(Myanmar)-character11",
    "243": "Burmese_(Myanmar)-character12",
    "244": "Burmese_(Myanmar)-character13",
    "245": "Burmese_(Myanmar)-character14",
    "246": "Burmese_(Myanmar)-character15",
    "247": "Burmese_(Myanmar)-character16",
    "248": "Burmese_(Myanmar)-character17",
    "249": "Burmese_(Myanmar)-character18",
    "250": "Burmese_(Myanmar)-character19",
    "251": "Burmese_(Myanmar)-character20",
    "252": "Burmese_(Myanmar)-character21",
    "253": "Burmese_(Myanmar)-character22",
    "254": "Burmese_(Myanmar)-character23",
    "255": "Burmese_(Myanmar)-character24",
    "256": "Burmese_(Myanmar)-character25",
    "257": "Burmese_(Myanmar)-character26",
    "258": "Burmese_(Myanmar)-character27",
    "259": "Burmese_(Myanmar)-character28",
    "260": "Burmese_(Myanmar)-character29",
    "261": "Burmese_(Myanmar)-character30",
    "262": "Burmese_(Myanmar)-character31",
    "263": "Burmese_(Myanmar)-character32",
    "264": "Burmese_(Myanmar)-character33",
    "265": "Burmese_(Myanmar)-character34",
    "266": "Cyrillic-character01",
    "267": "Cyrillic-character02",
    "268": "Cyrillic-character03",
    "269": "Cyrillic-character04",
    "270": "Cyrillic-character05",
    "271": "Cyrillic-character06",
    "272": "Cyrillic-character07",
    "273": "Cyrillic-character08",
    "274": "Cyrillic-character09",
    "275": "Cyrillic-character10",
    "276": "Cyrillic-character11",
    "277": "Cyrillic-character12",
    "278": "Cyrillic-character13",
    "279": "Cyrillic-character14",
    "280": "Cyrillic-character15",
    "281": "Cyrillic-character16",
    "282": "Cyrillic-character17",
    "283": "Cyrillic-character18",
    "284": "Cyrillic-character19",
    "285": "Cyrillic-character20",
    "286": "Cyrillic-character21",
    "287": "Cyrillic-character22",
    "288": "Cyrillic-character23",
    "289": "Cyrillic-character24",
    "290": "Cyrillic-character25",
    "291": "Cyrillic-character26",
    "292": "Cyrillic-character27",
    "293": "Cyrillic-character28",
    "294": "Cyrillic-character29",
    "295": "Cyrillic-character30",
    "296": "Cyrillic-character31",
    "297": "Cyrillic-character32",
    "298": "Cyrillic-character33",
    "299": "Early_Aramaic-character01",
    "300": "Early_Aramaic-character02",
    "301": "Early_Aramaic-character03",
    "302": "Early_Aramaic-character04",
    "303": "Early_Aramaic-character05",
    "304": "Early_Aramaic-character06",
    "305": "Early_Aramaic-character07",
    "306": "Early_Aramaic-character08",
    "307": "Early_Aramaic-character09",
    "308": "Early_Aramaic-character10",
    "309": "Early_Aramaic-character11",
    "310": "Early_Aramaic-character12",
    "311": "Early_Aramaic-character13",
    "312": "Early_Aramaic-character14",
    "313": "Early_Aramaic-character15",
    "314": "Early_Aramaic-character16",
    "315": "Early_Aramaic-character17",
    "316": "Early_Aramaic-character18",
    "317": "Early_Aramaic-character19",
    "318": "Early_Aramaic-character20",
    "319": "Early_Aramaic-character21",
    "320": "Early_Aramaic-character22",
    "321": "Futurama-character01",
    "322": "Futurama-character02",
    "323": "Futurama-character03",
    "324": "Futurama-character04",
    "325": "Futurama-character05",
    "326": "Futurama-character06",
    "327": "Futurama-character07",
    "328": "Futurama-character08",
    "329": "Futurama-character09",
    "330": "Futurama-character10",
    "331": "Futurama-character11",
    "332": "Futurama-character12",
    "333": "Futurama-character13",
    "334": "Futurama-character14",
    "335": "Futurama-character15",
    "336": "Futurama-character16",
    "337": "Futurama-character17",
    "338": "Futurama-character18",
    "339": "Futurama-character19",
    "340": "Futurama-character20",
    "341": "Futurama-character21",
    "342": "Futurama-character22",
    "343": "Futurama-character23",
    "344": "Futurama-character24",
    "345": "Futurama-character25",
    "346": "Futurama-character26",
    "347": "Grantha-character01",
    "348": "Grantha-character02",
    "349": "Grantha-character03",
    "350": "Grantha-character04",
    "351": "Grantha-character05",
    "352": "Grantha-character06",
    "353": "Grantha-character07",
    "354": "Grantha-character08",
    "355": "Grantha-character09",
    "356": "Grantha-character10",
    "357": "Grantha-character11",
    "358": "Grantha-character12",
    "359": "Grantha-character13",
    "360": "Grantha-character14",
    "361": "Grantha-character15",
    "362": "Grantha-character16",
    "363": "Grantha-character17",
    "364": "Grantha-character18",
    "365": "Grantha-character19",
    "366": "Grantha-character20",
    "367": "Grantha-character21",
    "368": "Grantha-character22",
    "369": "Grantha-character23",
    "370": "Grantha-character24",
    "371": "Grantha-character25",
    "372": "Grantha-character26",
    "373": "Grantha-character27",
    "374": "Grantha-character28",
    "375": "Grantha-character29",
    "376": "Grantha-character30",
    "377": "Grantha-character31",
    "378": "Grantha-character32",
    "379": "Grantha-character33",
    "380": "Grantha-character34",
    "381": "Grantha-character35",
    "382": "Grantha-character36",
    "383": "Grantha-character37",
    "384": "Grantha-character38",
    "385": "Grantha-character39",
    "386": "Grantha-character40",
    "387": "Grantha-character41",
    "388": "Grantha-character42",
    "389": "Grantha-character43",
    "390": "Greek-character01",
    "391": "Greek-character02",
    "392": "Greek-character03",
    "393": "Greek-character04",
    "394": "Greek-character05",
    "395": "Greek-character06",
    "396": "Greek-character07",
    "397": "Greek-character08",
    "398": "Greek-character09",
    "399": "Greek-character10",
    "400": "Greek-character11",
    "401": "Greek-character12",
    "402": "Greek-character13",
    "403": "Greek-character14",
    "404": "Greek-character15",
    "405": "Greek-character16",
    "406": "Greek-character17",
    "407": "Greek-character18",
    "408": "Greek-character19",
    "409": "Greek-character20",
    "410": "Greek-character21",
    "411": "Greek-character22",
    "412": "Greek-character23",
    "413": "Greek-character24",
    "414": "Gujarati-character01",
    "415": "Gujarati-character02",
    "416": "Gujarati-character03",
    "417": "Gujarati-character04",
    "418": "Gujarati-character05",
    "419": "Gujarati-character06",
    "420": "Gujarati-character07",
    "421": "Gujarati-character08",
    "422": "Gujarati-character09",
    "423": "Gujarati-character10",
    "424": "Gujarati-character11",
    "425": "Gujarati-character12",
    "426": "Gujarati-character13",
    "427": "Gujarati-character14",
    "428": "Gujarati-character15",
    "429": "Gujarati-character16",
    "430": "Gujarati-character17",
    "431": "Gujarati-character18",
    "432": "Gujarati-character19",
    "433": "Gujarati-character20",
    "434": "Gujarati-character21",
    "435": "Gujarati-character22",
    "436": "Gujarati-character23",
    "437": "Gujarati-character24",
    "438": "Gujarati-character25",
    "439": "Gujarati-character26",
    "440": "Gujarati-character27",
    "441": "Gujarati-character28",
    "442": "Gujarati-character29",
    "443": "Gujarati-character30",
    "444": "Gujarati-character31",
    "445": "Gujarati-character32",
    "446": "Gujarati-character33",
    "447": "Gujarati-character34",
    "448": "Gujarati-character35",
    "449": "Gujarati-character36",
    "450": "Gujarati-character37",
    "451": "Gujarati-character38",
    "452": "Gujarati-character39",
    "453": "Gujarati-character40",
    "454": "Gujarati-character41",
    "455": "Gujarati-character42",
    "456": "Gujarati-character43",
    "457": "Gujarati-character44",
    "458": "Gujarati-character45",
    "459": "Gujarati-character46",
    "460": "Gujarati-character47",
    "461": "Gujarati-character48",
    "462": "Hebrew-character01",
    "463": "Hebrew-character02",
    "464": "Hebrew-character03",
    "465": "Hebrew-character04",
    "466": "Hebrew-character05",
    "467": "Hebrew-character06",
    "468": "Hebrew-character07",
    "469": "Hebrew-character08",
    "470": "Hebrew-character09",
    "471": "Hebrew-character10",
    "472": "Hebrew-character11",
    "473": "Hebrew-character12",
    "474": "Hebrew-character13",
    "475": "Hebrew-character14",
    "476": "Hebrew-character15",
    "477": "Hebrew-character16",
    "478": "Hebrew-character17",
    "479": "Hebrew-character18",
    "480": "Hebrew-character19",
    "481": "Hebrew-character20",
    "482": "Hebrew-character21",
    "483": "Hebrew-character22",
    "484": "Japanese_(hiragana)-character01",
    "485": "Japanese_(hiragana)-character02",
    "486": "Japanese_(hiragana)-character03",
    "487": "Japanese_(hiragana)-character04",
    "488": "Japanese_(hiragana)-character05",
    "489": "Japanese_(hiragana)-character06",
    "490": "Japanese_(hiragana)-character07",
    "491": "Japanese_(hiragana)-character08",
    "492": "Japanese_(hiragana)-character09",
    "493": "Japanese_(hiragana)-character10",
    "494": "Japanese_(hiragana)-character11",
    "495": "Japanese_(hiragana)-character12",
    "496": "Japanese_(hiragana)-character13",
    "497": "Japanese_(hiragana)-character14",
    "498": "Japanese_(hiragana)-character15",
    "499": "Japanese_(hiragana)-character16",
    "500": "Japanese_(hiragana)-character17",
    "501": "Japanese_(hiragana)-character18",
    "502": "Japanese_(hiragana)-character19",
    "503": "Japanese_(hiragana)-character20",
    "504": "Japanese_(hiragana)-character21",
    "505": "Japanese_(hiragana)-character22",
    "506": "Japanese_(hiragana)-character23",
    "507": "Japanese_(hiragana)-character24",
    "508": "Japanese_(hiragana)-character25",
    "509": "Japanese_(hiragana)-character26",
    "510": "Japanese_(hiragana)-character27",
    "511": "Japanese_(hiragana)-character28",
    "512": "Japanese_(hiragana)-character29",
    "513": "Japanese_(hiragana)-character30",
    "514": "Japanese_(hiragana)-character31",
    "515": "Japanese_(hiragana)-character32",
    "516": "Japanese_(hiragana)-character33",
    "517": "Japanese_(hiragana)-character34",
    "518": "Japanese_(hiragana)-character35",
    "519": "Japanese_(hiragana)-character36",
    "520": "Japanese_(hiragana)-character37",
    "521": "Japanese_(hiragana)-character38",
    "522": "Japanese_(hiragana)-character39",
    "523": "Japanese_(hiragana)-character40",
    "524": "Japanese_(hiragana)-character41",
    "525": "Japanese_(hiragana)-character42",
    "526": "Japanese_(hiragana)-character43",
    "527": "Japanese_(hiragana)-character44",
    "528": "Japanese_(hiragana)-character45",
    "529": "Japanese_(hiragana)-character46",
    "530": "Japanese_(hiragana)-character47",
    "531": "Japanese_(hiragana)-character48",
    "532": "Japanese_(hiragana)-character49",
    "533": "Japanese_(hiragana)-character50",
    "534": "Japanese_(hiragana)-character51",
    "535": "Japanese_(hiragana)-character52",
    "536": "Japanese_(katakana)-character01",
    "537": "Japanese_(katakana)-character02",
    "538": "Japanese_(katakana)-character03",
    "539": "Japanese_(katakana)-character04",
    "540": "Japanese_(katakana)-character05",
    "541": "Japanese_(katakana)-character06",
    "542": "Japanese_(katakana)-character07",
    "543": "Japanese_(katakana)-character08",
    "544": "Japanese_(katakana)-character09",
    "545": "Japanese_(katakana)-character10",
    "546": "Japanese_(katakana)-character11",
    "547": "Japanese_(katakana)-character12",
    "548": "Japanese_(katakana)-character13",
    "549": "Japanese_(katakana)-character14",
    "550": "Japanese_(katakana)-character15",
    "551": "Japanese_(katakana)-character16",
    "552": "Japanese_(katakana)-character17",
    "553": "Japanese_(katakana)-character18",
    "554": "Japanese_(katakana)-character19",
    "555": "Japanese_(katakana)-character20",
    "556": "Japanese_(katakana)-character21",
    "557": "Japanese_(katakana)-character22",
    "558": "Japanese_(katakana)-character23",
    "559": "Japanese_(katakana)-character24",
    "560": "Japanese_(katakana)-character25",
    "561": "Japanese_(katakana)-character26",
    "562": "Japanese_(katakana)-character27",
    "563": "Japanese_(katakana)-character28",
    "564": "Japanese_(katakana)-character29",
    "565": "Japanese_(katakana)-character30",
    "566": "Japanese_(katakana)-character31",
    "567": "Japanese_(katakana)-character32",
    "568": "Japanese_(katakana)-character33",
    "569": "Japanese_(katakana)-character34",
    "570": "Japanese_(katakana)-character35",
    "571": "Japanese_(katakana)-character36",
    "572": "Japanese_(katakana)-character37",
    "573": "Japanese_(katakana)-character38",
    "574": "Japanese_(katakana)-character39",
    "575": "Japanese_(katakana)-character40",
    "576": "Japanese_(katakana)-character41",
    "577": "Japanese_(katakana)-character42",
    "578": "Japanese_(katakana)-character43",
    "579": "Japanese_(katakana)-character44",
    "580": "Japanese_(katakana)-character45",
    "581": "Japanese_(katakana)-character46",
    "582": "Japanese_(katakana)-character47",
    "583": "Korean-character01",
    "584": "Korean-character02",
    "585": "Korean-character03",
    "586": "Korean-character04",
    "587": "Korean-character05",
    "588": "Korean-character06",
    "589": "Korean-character07",
    "590": "Korean-character08",
    "591": "Korean-character09",
    "592": "Korean-character10",
    "593": "Korean-character11",
    "594": "Korean-character12",
    "595": "Korean-character13",
    "596": "Korean-character14",
    "597": "Korean-character15",
    "598": "Korean-character16",
    "599": "Korean-character17",
    "600": "Korean-character18",
    "601": "Korean-character19",
    "602": "Korean-character20",
    "603": "Korean-character21",
    "604": "Korean-character22",
    "605": "Korean-character23",
    "606": "Korean-character24",
    "607": "Korean-character25",
    "608": "Korean-character26",
    "609": "Korean-character27",
    "610": "Korean-character28",
    "611": "Korean-character29",
    "612": "Korean-character30",
    "613": "Korean-character31",
    "614": "Korean-character32",
    "615": "Korean-character33",
    "616": "Korean-character34",
    "617": "Korean-character35",
    "618": "Korean-character36",
    "619": "Korean-character37",
    "620": "Korean-character38",
    "621": "Korean-character39",
    "622": "Korean-character40",
    "623": "Latin-character01",
    "624": "Latin-character02",
    "625": "Latin-character03",
    "626": "Latin-character04",
    "627": "Latin-character05",
    "628": "Latin-character06",
    "629": "Latin-character07",
    "630": "Latin-character08",
    "631": "Latin-character09",
    "632": "Latin-character10",
    "633": "Latin-character11",
    "634": "Latin-character12",
    "635": "Latin-character13",
    "636": "Latin-character14",
    "637": "Latin-character15",
    "638": "Latin-character16",
    "639": "Latin-character17",
    "640": "Latin-character18",
    "641": "Latin-character19",
    "642": "Latin-character20",
    "643": "Latin-character21",
    "644": "Latin-character22",
    "645": "Latin-character23",
    "646": "Latin-character24",
    "647": "Latin-character25",
    "648": "Latin-character26",
    "649": "Malay_(Jawi_-_Arabic)-character01",
    "650": "Malay_(Jawi_-_Arabic)-character02",
    "651": "Malay_(Jawi_-_Arabic)-character03",
    "652": "Malay_(Jawi_-_Arabic)-character04",
    "653": "Malay_(Jawi_-_Arabic)-character05",
    "654": "Malay_(Jawi_-_Arabic)-character06",
    "655": "Malay_(Jawi_-_Arabic)-character07",
    "656": "Malay_(Jawi_-_Arabic)-character08",
    "657": "Malay_(Jawi_-_Arabic)-character09",
    "658": "Malay_(Jawi_-_Arabic)-character10",
    "659": "Malay_(Jawi_-_Arabic)-character11",
    "660": "Malay_(Jawi_-_Arabic)-character12",
    "661": "Malay_(Jawi_-_Arabic)-character13",
    "662": "Malay_(Jawi_-_Arabic)-character14",
    "663": "Malay_(Jawi_-_Arabic)-character15",
    "664": "Malay_(Jawi_-_Arabic)-character16",
    "665": "Malay_(Jawi_-_Arabic)-character17",
    "666": "Malay_(Jawi_-_Arabic)-character18",
    "667": "Malay_(Jawi_-_Arabic)-character19",
    "668": "Malay_(Jawi_-_Arabic)-character20",
    "669": "Malay_(Jawi_-_Arabic)-character21",
    "670": "Malay_(Jawi_-_Arabic)-character22",
    "671": "Malay_(Jawi_-_Arabic)-character23",
    "672": "Malay_(Jawi_-_Arabic)-character24",
    "673": "Malay_(Jawi_-_Arabic)-character25",
    "674": "Malay_(Jawi_-_Arabic)-character26",
    "675": "Malay_(Jawi_-_Arabic)-character27",
    "676": "Malay_(Jawi_-_Arabic)-character28",
    "677": "Malay_(Jawi_-_Arabic)-character29",
    "678": "Malay_(Jawi_-_Arabic)-character30",
    "679": "Malay_(Jawi_-_Arabic)-character31",
    "680": "Malay_(Jawi_-_Arabic)-character32",
    "681": "Malay_(Jawi_-_Arabic)-character33",
    "682": "Malay_(Jawi_-_Arabic)-character34",
    "683": "Malay_(Jawi_-_Arabic)-character35",
    "684": "Malay_(Jawi_-_Arabic)-character36",
    "685": "Malay_(Jawi_-_Arabic)-character37",
    "686": "Malay_(Jawi_-_Arabic)-character38",
    "687": "Malay_(Jawi_-_Arabic)-character39",
    "688": "Malay_(Jawi_-_Arabic)-character40",
    "689": "Mkhedruli_(Georgian)-character01",
    "690": "Mkhedruli_(Georgian)-character02",
    "691": "Mkhedruli_(Georgian)-character03",
    "692": "Mkhedruli_(Georgian)-character04",
    "693": "Mkhedruli_(Georgian)-character05",
    "694": "Mkhedruli_(Georgian)-character06",
    "695": "Mkhedruli_(Georgian)-character07",
    "696": "Mkhedruli_(Georgian)-character08",
    "697": "Mkhedruli_(Georgian)-character09",
    "698": "Mkhedruli_(Georgian)-character10",
    "699": "Mkhedruli_(Georgian)-character11",
    "700": "Mkhedruli_(Georgian)-character12",
    "701": "Mkhedruli_(Georgian)-character13",
    "702": "Mkhedruli_(Georgian)-character14",
    "703": "Mkhedruli_(Georgian)-character15",
    "704": "Mkhedruli_(Georgian)-character16",
    "705": "Mkhedruli_(Georgian)-character17",
    "706": "Mkhedruli_(Georgian)-character18",
    "707": "Mkhedruli_(Georgian)-character19",
    "708": "Mkhedruli_(Georgian)-character20",
    "709": "Mkhedruli_(Georgian)-character21",
    "710": "Mkhedruli_(Georgian)-character22",
    "711": "Mkhedruli_(Georgian)-character23",
    "712": "Mkhedruli_(Georgian)-character24",
    "713": "Mkhedruli_(Georgian)-character25",
    "714": "Mkhedruli_(Georgian)-character26",
    "715": "Mkhedruli_(Georgian)-character27",
    "716": "Mkhedruli_(Georgian)-character28",
    "717": "Mkhedruli_(Georgian)-character29",
    "718": "Mkhedruli_(Georgian)-character30",
    "719": "Mkhedruli_(Georgian)-character31",
    "720": "Mkhedruli_(Georgian)-character32",
    "721": "Mkhedruli_(Georgian)-character33",
    "722": "Mkhedruli_(Georgian)-character34",
    "723": "Mkhedruli_(Georgian)-character35",
    "724": "Mkhedruli_(Georgian)-character36",
    "725": "Mkhedruli_(Georgian)-character37",
    "726": "Mkhedruli_(Georgian)-character38",
    "727": "Mkhedruli_(Georgian)-character39",
    "728": "Mkhedruli_(Georgian)-character40",
    "729": "Mkhedruli_(Georgian)-character41",
    "730": "N_Ko-character01",
    "731": "N_Ko-character02",
    "732": "N_Ko-character03",
    "733": "N_Ko-character04",
    "734": "N_Ko-character05",
    "735": "N_Ko-character06",
    "736": "N_Ko-character07",
    "737": "N_Ko-character08",
    "738": "N_Ko-character09",
    "739": "N_Ko-character10",
    "740": "N_Ko-character11",
    "741": "N_Ko-character12",
    "742": "N_Ko-character13",
    "743": "N_Ko-character14",
    "744": "N_Ko-character15",
    "745": "N_Ko-character16",
    "746": "N_Ko-character17",
    "747": "N_Ko-character18",
    "748": "N_Ko-character19",
    "749": "N_Ko-character20",
    "750": "N_Ko-character21",
    "751": "N_Ko-character22",
    "752": "N_Ko-character23",
    "753": "N_Ko-character24",
    "754": "N_Ko-character25",
    "755": "N_Ko-character26",
    "756": "N_Ko-character27",
    "757": "N_Ko-character28",
    "758": "N_Ko-character29",
    "759": "N_Ko-character30",
    "760": "N_Ko-character31",
    "761": "N_Ko-character32",
    "762": "N_Ko-character33",
    "763": "Sanskrit-character01",
    "764": "Sanskrit-character02",
    "765": "Sanskrit-character03",
    "766": "Sanskrit-character04",
    "767": "Sanskrit-character05",
    "768": "Sanskrit-character06",
    "769": "Sanskrit-character07",
    "770": "Sanskrit-character08",
    "771": "Sanskrit-character09",
    "772": "Sanskrit-character10",
    "773": "Sanskrit-character11",
    "774": "Sanskrit-character12",
    "775": "Sanskrit-character13",
    "776": "Sanskrit-character14",
    "777": "Sanskrit-character15",
    "778": "Sanskrit-character16",
    "779": "Sanskrit-character17",
    "780": "Sanskrit-character18",
    "781": "Sanskrit-character19",
    "782": "Sanskrit-character20",
    "783": "Sanskrit-character21",
    "784": "Sanskrit-character22",
    "785": "Sanskrit-character23",
    "786": "Sanskrit-character24",
    "787": "Sanskrit-character25",
    "788": "Sanskrit-character26",
    "789": "Sanskrit-character27",
    "790": "Sanskrit-character28",
    "791": "Sanskrit-character29",
    "792": "Sanskrit-character30",
    "793": "Sanskrit-character31",
    "794": "Sanskrit-character32",
    "795": "Sanskrit-character33",
    "796": "Sanskrit-character34",
    "797": "Sanskrit-character35",
    "798": "Sanskrit-character36",
    "799": "Sanskrit-character37",
    "800": "Sanskrit-character38",
    "801": "Sanskrit-character39",
    "802": "Sanskrit-character40",
    "803": "Sanskrit-character41",
    "804": "Sanskrit-character42",
    "805": "Syriac_(Estrangelo)-character01",
    "806": "Syriac_(Estrangelo)-character02",
    "807": "Syriac_(Estrangelo)-character03",
    "808": "Syriac_(Estrangelo)-character04",
    "809": "Syriac_(Estrangelo)-character05",
    "810": "Syriac_(Estrangelo)-character06",
    "811": "Syriac_(Estrangelo)-character07",
    "812": "Syriac_(Estrangelo)-character08",
    "813": "Syriac_(Estrangelo)-character09",
    "814": "Syriac_(Estrangelo)-character10",
    "815": "Syriac_(Estrangelo)-character11",
    "816": "Syriac_(Estrangelo)-character12",
    "817": "Syriac_(Estrangelo)-character13",
    "818": "Syriac_(Estrangelo)-character14",
    "819": "Syriac_(Estrangelo)-character15",
    "820": "Syriac_(Estrangelo)-character16",
    "821": "Syriac_(Estrangelo)-character17",
    "822": "Syriac_(Estrangelo)-character18",
    "823": "Syriac_(Estrangelo)-character19",
    "824": "Syriac_(Estrangelo)-character20",
    "825": "Syriac_(Estrangelo)-character21",
    "826": "Syriac_(Estrangelo)-character22",
    "827": "Syriac_(Estrangelo)-character23",
    "828": "Tifinagh-character01",
    "829": "Tifinagh-character02",
    "830": "Tifinagh-character03",
    "831": "Tifinagh-character04",
    "832": "Tifinagh-character05",
    "833": "Tifinagh-character06",
    "834": "Tifinagh-character07",
    "835": "Tifinagh-character08",
    "836": "Tifinagh-character09",
    "837": "Tifinagh-character10",
    "838": "Tifinagh-character11",
    "839": "Tifinagh-character12",
    "840": "Tifinagh-character13",
    "841": "Tifinagh-character14",
    "842": "Tifinagh-character15",
    "843": "Tifinagh-character16",
    "844": "Tifinagh-character17",
    "845": "Tifinagh-character18",
    "846": "Tifinagh-character19",
    "847": "Tifinagh-character20",
    "848": "Tifinagh-character21",
    "849": "Tifinagh-character22",
    "850": "Tifinagh-character23",
    "851": "Tifinagh-character24",
    "852": "Tifinagh-character25",
    "853": "Tifinagh-character26",
    "854": "Tifinagh-character27",
    "855": "Tifinagh-character28",
    "856": "Tifinagh-character29",
    "857": "Tifinagh-character30",
    "858": "Tifinagh-character31",
    "859": "Tifinagh-character32",
    "860": "Tifinagh-character33",
    "861": "Tifinagh-character34",
    "862": "Tifinagh-character35",
    "863": "Tifinagh-character36",
    "864": "Tifinagh-character37",
    "865": "Tifinagh-character38",
    "866": "Tifinagh-character39",
    "867": "Tifinagh-character40",
    "868": "Tifinagh-character41",
    "869": "Tifinagh-character42",
    "870": "Tifinagh-character43",
    "871": "Tifinagh-character44",
    "872": "Tifinagh-character45",
    "873": "Tifinagh-character46",
    "874": "Tifinagh-character47",
    "875": "Tifinagh-character48",
    "876": "Tifinagh-character49",
    "877": "Tifinagh-character50",
    "878": "Tifinagh-character51",
    "879": "Tifinagh-character52",
    "880": "Tifinagh-character53",
    "881": "Tifinagh-character54",
    "882": "Tifinagh-character55",
    "883": "Blackfoot_(Canadian_Aboriginal_Syllabics)-character01",
    "884": "Blackfoot_(Canadian_Aboriginal_Syllabics)-character02",
    "885": "Blackfoot_(Canadian_Aboriginal_Syllabics)-character03",
    "886": "Blackfoot_(Canadian_Aboriginal_Syllabics)-character04",
    "887": "Blackfoot_(Canadian_Aboriginal_Syllabics)-character05",
    "888": "Blackfoot_(Canadian_Aboriginal_Syllabics)-character06",
    "889": "Blackfoot_(Canadian_Aboriginal_Syllabics)-character07",
    "890": "Blackfoot_(Canadian_Aboriginal_Syllabics)-character08",
    "891": "Blackfoot_(Canadian_Aboriginal_Syllabics)-character09",
    "892": "Blackfoot_(Canadian_Aboriginal_Syllabics)-character10",
    "893": "Blackfoot_(Canadian_Aboriginal_Syllabics)-character11",
    "894": "Blackfoot_(Canadian_Aboriginal_Syllabics)-character12",
    "895": "Blackfoot_(Canadian_Aboriginal_Syllabics)-character13",
    "896": "Blackfoot_(Canadian_Aboriginal_Syllabics)-character14",
    "897": "Ojibwe_(Canadian_Aboriginal_Syllabics)-character01",
    "898": "Ojibwe_(Canadian_Aboriginal_Syllabics)-character02",
    "899": "Ojibwe_(Canadian_Aboriginal_Syllabics)-character03",
    "900": "Ojibwe_(Canadian_Aboriginal_Syllabics)-character04",
    "901": "Ojibwe_(Canadian_Aboriginal_Syllabics)-character05",
    "902": "Ojibwe_(Canadian_Aboriginal_Syllabics)-character06",
    "903": "Ojibwe_(Canadian_Aboriginal_Syllabics)-character07",
    "904": "Ojibwe_(Canadian_Aboriginal_Syllabics)-character08",
    "905": "Ojibwe_(Canadian_Aboriginal_Syllabics)-character09",
    "906": "Ojibwe_(Canadian_Aboriginal_Syllabics)-character10",
    "907": "Ojibwe_(Canadian_Aboriginal_Syllabics)-character11",
    "908": "Ojibwe_(Canadian_Aboriginal_Syllabics)-character12",
    "909": "Ojibwe_(Canadian_Aboriginal_Syllabics)-character13",
    "910": "Ojibwe_(Canadian_Aboriginal_Syllabics)-character14",
    "911": "Inuktitut_(Canadian_Aboriginal_Syllabics)-character01",
    "912": "Inuktitut_(Canadian_Aboriginal_Syllabics)-character02",
    "913": "Inuktitut_(Canadian_Aboriginal_Syllabics)-character03",
    "914": "Inuktitut_(Canadian_Aboriginal_Syllabics)-character04",
    "915": "Inuktitut_(Canadian_Aboriginal_Syllabics)-character05",
    "916": "Inuktitut_(Canadian_Aboriginal_Syllabics)-character06",
    "917": "Inuktitut_(Canadian_Aboriginal_Syllabics)-character07",
    "918": "Inuktitut_(Canadian_Aboriginal_Syllabics)-character08",
    "919": "Inuktitut_(Canadian_Aboriginal_Syllabics)-character09",
    "920": "Inuktitut_(Canadian_Aboriginal_Syllabics)-character10",
    "921": "Inuktitut_(Canadian_Aboriginal_Syllabics)-character11",
    "922": "Inuktitut_(Canadian_Aboriginal_Syllabics)-character12",
    "923": "Inuktitut_(Canadian_Aboriginal_Syllabics)-character13",
    "924": "Inuktitut_(Canadian_Aboriginal_Syllabics)-character14",
    "925": "Inuktitut_(Canadian_Aboriginal_Syllabics)-character15",
    "926": "Inuktitut_(Canadian_Aboriginal_Syllabics)-character16",
    "927": "Tagalog-character01",
    "928": "Tagalog-character02",
    "929": "Tagalog-character03",
    "930": "Tagalog-character04",
    "931": "Tagalog-character05",
    "932": "Tagalog-character06",
    "933": "Tagalog-character07",
    "934": "Tagalog-character08",
    "935": "Tagalog-character09",
    "936": "Tagalog-character10",
    "937": "Tagalog-character11",
    "938": "Tagalog-character12",
    "939": "Tagalog-character13",
    "940": "Tagalog-character14",
    "941": "Tagalog-character15",
    "942": "Tagalog-character16",
    "943": "Tagalog-character17",
    "944": "Alphabet_of_the_Magi-character01",
    "945": "Alphabet_of_the_Magi-character02",
    "946": "Alphabet_of_the_Magi-character03",
    "947": "Alphabet_of_the_Magi-character04",
    "948": "Alphabet_of_the_Magi-character05",
    "949": "Alphabet_of_the_Magi-character06",
    "950": "Alphabet_of_the_Magi-character07",
    "951": "Alphabet_of_the_Magi-character08",
    "952": "Alphabet_of_the_Magi-character09",
    "953": "Alphabet_of_the_Magi-character10",
    "954": "Alphabet_of_the_Magi-character11",
    "955": "Alphabet_of_the_Magi-character12",
    "956": "Alphabet_of_the_Magi-character13",
    "957": "Alphabet_of_the_Magi-character14",
    "958": "Alphabet_of_the_Magi-character15",
    "959": "Alphabet_of_the_Magi-character16",
    "960": "Alphabet_of_the_Magi-character17",
    "961": "Alphabet_of_the_Magi-character18",
    "962": "Alphabet_of_the_Magi-character19",
    "963": "Alphabet_of_the_Magi-character20",
    "964": "Angelic-character01",
    "965": "Angelic-character02",
    "966": "Angelic-character03",
    "967": "Angelic-character04",
    "968": "Angelic-character05",
    "969": "Angelic-character06",
    "970": "Angelic-character07",
    "971": "Angelic-character08",
    "972": "Angelic-character09",
    "973": "Angelic-character10",
    "974": "Angelic-character11",
    "975": "Angelic-character12",
    "976": "Angelic-character13",
    "977": "Angelic-character14",
    "978": "Angelic-character15",
    "979": "Angelic-character16",
    "980": "Angelic-character17",
    "981": "Angelic-character18",
    "982": "Angelic-character19",
    "983": "Angelic-character20",
    "984": "Atemayar_Qelisayer-character01",
    "985": "Atemayar_Qelisayer-character02",
    "986": "Atemayar_Qelisayer-character03",
    "987": "Atemayar_Qelisayer-character04",
    "988": "Atemayar_Qelisayer-character05",
    "989": "Atemayar_Qelisayer-character06",
    "990": "Atemayar_Qelisayer-character07",
    "991": "Atemayar_Qelisayer-character08",
    "992": "Atemayar_Qelisayer-character09",
    "993": "Atemayar_Qelisayer-character10",
    "994": "Atemayar_Qelisayer-character11",
    "995": "Atemayar_Qelisayer-character12",
    "996": "Atemayar_Qelisayer-character13",
    "997": "Atemayar_Qelisayer-character14",
    "998": "Atemayar_Qelisayer-character15",
    "999": "Atemayar_Qelisayer-character16",
    "1000": "Atemayar_Qelisayer-character17",
    "1001": "Atemayar_Qelisayer-character18",
    "1002": "Atemayar_Qelisayer-character19",
    "1003": "Atemayar_Qelisayer-character20",
    "1004": "Atemayar_Qelisayer-character21",
    "1005": "Atemayar_Qelisayer-character22",
    "1006": "Atemayar_Qelisayer-character23",
    "1007": "Atemayar_Qelisayer-character24",
    "1008": "Atemayar_Qelisayer-character25",
    "1009": "Atemayar_Qelisayer-character26",
    "1010": "Atlantean-character01",
    "1011": "Atlantean-character02",
    "1012": "Atlantean-character03",
    "1013": "Atlantean-character04",
    "1014": "Atlantean-character05",
    "1015": "Atlantean-character06",
    "1016": "Atlantean-character07",
    "1017": "Atlantean-character08",
    "1018": "Atlantean-character09",
    "1019": "Atlantean-character10",
    "1020": "Atlantean-character11",
    "1021": "Atlantean-character12",
    "1022": "Atlantean-character13",
    "1023": "Atlantean-character14",
    "1024": "Atlantean-character15",
    "1025": "Atlantean-character16",
    "1026": "Atlantean-character17",
    "1027": "Atlantean-character18",
    "1028": "Atlantean-character19",
    "1029": "Atlantean-character20",
    "1030": "Atlantean-character21",
    "1031": "Atlantean-character22",
    "1032": "Atlantean-character23",
    "1033": "Atlantean-character24",
    "1034": "Atlantean-character25",
    "1035": "Atlantean-character26",
    "1036": "Aurek-Besh-character01",
    "1037": "Aurek-Besh-character02",
    "1038": "Aurek-Besh-character03",
    "1039": "Aurek-Besh-character04",
    "1040": "Aurek-Besh-character05",
    "1041": "Aurek-Besh-character06",
    "1042": "Aurek-Besh-character07",
    "1043": "Aurek-Besh-character08",
    "1044": "Aurek-Besh-character09",
    "1045": "Aurek-Besh-character10",
    "1046": "Aurek-Besh-character11",
    "1047": "Aurek-Besh-character12",
    "1048": "Aurek-Besh-character13",
    "1049": "Aurek-Besh-character14",
    "1050": "Aurek-Besh-character15",
    "1051": "Aurek-Besh-character16",
    "1052": "Aurek-Besh-character17",
    "1053": "Aurek-Besh-character18",
    "1054": "Aurek-Besh-character19",
    "1055": "Aurek-Besh-character20",
    "1056": "Aurek-Besh-character21",
    "1057": "Aurek-Besh-character22",
    "1058": "Aurek-Besh-character23",
    "1059": "Aurek-Besh-character24",
    "1060": "Aurek-Besh-character25",
    "1061": "Aurek-Besh-character26",
    "1062": "Avesta-character01",
    "1063": "Avesta-character02",
    "1064": "Avesta-character03",
    "1065": "Avesta-character04",
    "1066": "Avesta-character05",
    "1067": "Avesta-character06",
    "1068": "Avesta-character07",
    "1069": "Avesta-character08",
    "1070": "Avesta-character09",
    "1071": "Avesta-character10",
    "1072": "Avesta-character11",
    "1073": "Avesta-character12",
    "1074": "Avesta-character13",
    "1075": "Avesta-character14",
    "1076": "Avesta-character15",
    "1077": "Avesta-character16",
    "1078": "Avesta-character17",
    "1079": "Avesta-character18",
    "1080": "Avesta-character19",
    "1081": "Avesta-character20",
    "1082": "Avesta-character21",
    "1083": "Avesta-character22",
    "1084": "Avesta-character23",
    "1085": "Avesta-character24",
    "1086": "Avesta-character25",
    "1087": "Avesta-character26",
    "1088": "Ge_ez-character01",
    "1089": "Ge_ez-character02",
    "1090": "Ge_ez-character03",
    "1091": "Ge_ez-character04",
    "1092": "Ge_ez-character05",
    "1093": "Ge_ez-character06",
    "1094": "Ge_ez-character07",
    "1095": "Ge_ez-character08",
    "1096": "Ge_ez-character09",
    "1097": "Ge_ez-character10",
    "1098": "Ge_ez-character11",
    "1099": "Ge_ez-character12",
    "1100": "Ge_ez-character13",
    "1101": "Ge_ez-character14",
    "1102": "Ge_ez-character15",
    "1103": "Ge_ez-character16",
    "1104": "Ge_ez-character17",
    "1105": "Ge_ez-character18",
    "1106": "Ge_ez-character19",
    "1107": "Ge_ez-character20",
    "1108": "Ge_ez-character21",
    "1109": "Ge_ez-character22",
    "1110": "Ge_ez-character23",
    "1111": "Ge_ez-character24",
    "1112": "Ge_ez-character25",
    "1113": "Ge_ez-character26",
    "1114": "Glagolitic-character01",
    "1115": "Glagolitic-character02",
    "1116": "Glagolitic-character03",
    "1117": "Glagolitic-character04",
    "1118": "Glagolitic-character05",
    "1119": "Glagolitic-character06",
    "1120": "Glagolitic-character07",
    "1121": "Glagolitic-character08",
    "1122": "Glagolitic-character09",
    "1123": "Glagolitic-character10",
    "1124": "Glagolitic-character11",
    "1125": "Glagolitic-character12",
    "1126": "Glagolitic-character13",
    "1127": "Glagolitic-character14",
    "1128": "Glagolitic-character15",
    "1129": "Glagolitic-character16",
    "1130": "Glagolitic-character17",
    "1131": "Glagolitic-character18",
    "1132": "Glagolitic-character19",
    "1133": "Glagolitic-character20",
    "1134": "Glagolitic-character21",
    "1135": "Glagolitic-character22",
    "1136": "Glagolitic-character23",
    "1137": "Glagolitic-character24",
    "1138": "Glagolitic-character25",
    "1139": "Glagolitic-character26",
    "1140": "Glagolitic-character27",
    "1141": "Glagolitic-character28",
    "1142": "Glagolitic-character29",
    "1143": "Glagolitic-character30",
    "1144": "Glagolitic-character31",
    "1145": "Glagolitic-character32",
    "1146": "Glagolitic-character33",
    "1147": "Glagolitic-character34",
    "1148": "Glagolitic-character35",
    "1149": "Glagolitic-character36",
    "1150": "Glagolitic-character37",
    "1151": "Glagolitic-character38",
    "1152": "Glagolitic-character39",
    "1153": "Glagolitic-character40",
    "1154": "Glagolitic-character41",
    "1155": "Glagolitic-character42",
    "1156": "Glagolitic-character43",
    "1157": "Glagolitic-character44",
    "1158": "Glagolitic-character45",
    "1159": "Gurmukhi-character01",
    "1160": "Gurmukhi-character02",
    "1161": "Gurmukhi-character03",
    "1162": "Gurmukhi-character04",
    "1163": "Gurmukhi-character05",
    "1164": "Gurmukhi-character06",
    "1165": "Gurmukhi-character07",
    "1166": "Gurmukhi-character08",
    "1167": "Gurmukhi-character09",
    "1168": "Gurmukhi-character10",
    "1169": "Gurmukhi-character11",
    "1170": "Gurmukhi-character12",
    "1171": "Gurmukhi-character13",
    "1172": "Gurmukhi-character14",
    "1173": "Gurmukhi-character15",
    "1174": "Gurmukhi-character16",
    "1175": "Gurmukhi-character17",
    "1176": "Gurmukhi-character18",
    "1177": "Gurmukhi-character19",
    "1178": "Gurmukhi-character20",
    "1179": "Gurmukhi-character21",
    "1180": "Gurmukhi-character22",
    "1181": "Gurmukhi-character23",
    "1182": "Gurmukhi-character24",
    "1183": "Gurmukhi-character25",
    "1184": "Gurmukhi-character26",
    "1185": "Gurmukhi-character27",
    "1186": "Gurmukhi-character28",
    "1187": "Gurmukhi-character29",
    "1188": "Gurmukhi-character30",
    "1189": "Gurmukhi-character31",
    "1190": "Gurmukhi-character32",
    "1191": "Gurmukhi-character33",
    "1192": "Gurmukhi-character34",
    "1193": "Gurmukhi-character35",
    "1194": "Gurmukhi-character36",
    "1195": "Gurmukhi-character37",
    "1196": "Gurmukhi-character38",
    "1197": "Gurmukhi-character39",
    "1198": "Gurmukhi-character40",
    "1199": "Gurmukhi-character41",
    "1200": "Gurmukhi-character42",
    "1201": "Gurmukhi-character43",
    "1202": "Gurmukhi-character44",
    "1203": "Gurmukhi-character45",
    "1204": "Kannada-character01",
    "1205": "Kannada-character02",
    "1206": "Kannada-character03",
    "1207": "Kannada-character04",
    "1208": "Kannada-character05",
    "1209": "Kannada-character06",
    "1210": "Kannada-character07",
    "1211": "Kannada-character08",
    "1212": "Kannada-character09",
    "1213": "Kannada-character10",
    "1214": "Kannada-character11",
    "1215": "Kannada-character12",
    "1216": "Kannada-character13",
    "1217": "Kannada-character14",
    "1218": "Kannada-character15",
    "1219": "Kannada-character16",
    "1220": "Kannada-character17",
    "1221": "Kannada-character18",
    "1222": "Kannada-character19",
    "1223": "Kannada-character20",
    "1224": "Kannada-character21",
    "1225": "Kannada-character22",
    "1226": "Kannada-character23",
    "1227": "Kannada-character24",
    "1228": "Kannada-character25",
    "1229": "Kannada-character26",
    "1230": "Kannada-character27",
    "1231": "Kannada-character28",
    "1232": "Kannada-character29",
    "1233": "Kannada-character30",
    "1234": "Kannada-character31",
    "1235": "Kannada-character32",
    "1236": "Kannada-character33",
    "1237": "Kannada-character34",
    "1238": "Kannada-character35",
    "1239": "Kannada-character36",
    "1240": "Kannada-character37",
    "1241": "Kannada-character38",
    "1242": "Kannada-character39",
    "1243": "Kannada-character40",
    "1244": "Kannada-character41",
    "1245": "Keble-character01",
    "1246": "Keble-character02",
    "1247": "Keble-character03",
    "1248": "Keble-character04",
    "1249": "Keble-character05",
    "1250": "Keble-character06",
    "1251": "Keble-character07",
    "1252": "Keble-character08",
    "1253": "Keble-character09",
    "1254": "Keble-character10",
    "1255": "Keble-character11",
    "1256": "Keble-character12",
    "1257": "Keble-character13",
    "1258": "Keble-character14",
    "1259": "Keble-character15",
    "1260": "Keble-character16",
    "1261": "Keble-character17",
    "1262": "Keble-character18",
    "1263": "Keble-character19",
    "1264": "Keble-character20",
    "1265": "Keble-character21",
    "1266": "Keble-character22",
    "1267": "Keble-character23",
    "1268": "Keble-character24",
    "1269": "Keble-character25",
    "1270": "Keble-character26",
    "1271": "Malayalam-character01",
    "1272": "Malayalam-character02",
    "1273": "Malayalam-character03",
    "1274": "Malayalam-character04",
    "1275": "Malayalam-character05",
    "1276": "Malayalam-character06",
    "1277": "Malayalam-character07",
    "1278": "Malayalam-character08",
    "1279": "Malayalam-character09",
    "1280": "Malayalam-character10",
    "1281": "Malayalam-character11",
    "1282": "Malayalam-character12",
    "1283": "Malayalam-character13",
    "1284": "Malayalam-character14",
    "1285": "Malayalam-character15",
    "1286": "Malayalam-character16",
    "1287": "Malayalam-character17",
    "1288": "Malayalam-character18",
    "1289": "Malayalam-character19",
    "1290": "Malayalam-character20",
    "1291": "Malayalam-character21",
    "1292": "Malayalam-character22",
    "1293": "Malayalam-character23",
    "1294": "Malayalam-character24",
    "1295": "Malayalam-character25",
    "1296": "Malayalam-character26",
    "1297": "Malayalam-character27",
    "1298": "Malayalam-character28",
    "1299": "Malayalam-character29",
    "1300": "Malayalam-character30",
    "1301": "Malayalam-character31",
    "1302": "Malayalam-character32",
    "1303": "Malayalam-character33",
    "1304": "Malayalam-character34",
    "1305": "Malayalam-character35",
    "1306": "Malayalam-character36",
    "1307": "Malayalam-character37",
    "1308": "Malayalam-character38",
    "1309": "Malayalam-character39",
    "1310": "Malayalam-character40",
    "1311": "Malayalam-character41",
    "1312": "Malayalam-character42",
    "1313": "Malayalam-character43",
    "1314": "Malayalam-character44",
    "1315": "Malayalam-character45",
    "1316": "Malayalam-character46",
    "1317": "Malayalam-character47",
    "1318": "Manipuri-character01",
    "1319": "Manipuri-character02",
    "1320": "Manipuri-character03",
    "1321": "Manipuri-character04",
    "1322": "Manipuri-character05",
    "1323": "Manipuri-character06",
    "1324": "Manipuri-character07",
    "1325": "Manipuri-character08",
    "1326": "Manipuri-character09",
    "1327": "Manipuri-character10",
    "1328": "Manipuri-character11",
    "1329": "Manipuri-character12",
    "1330": "Manipuri-character13",
    "1331": "Manipuri-character14",
    "1332": "Manipuri-character15",
    "1333": "Manipuri-character16",
    "1334": "Manipuri-character17",
    "1335": "Manipuri-character18",
    "1336": "Manipuri-character19",
    "1337": "Manipuri-character20",
    "1338": "Manipuri-character21",
    "1339": "Manipuri-character22",
    "1340": "Manipuri-character23",
    "1341": "Manipuri-character24",
    "1342": "Manipuri-character25",
    "1343": "Manipuri-character26",
    "1344": "Manipuri-character27",
    "1345": "Manipuri-character28",
    "1346": "Manipuri-character29",
    "1347": "Manipuri-character30",
    "1348": "Manipuri-character31",
    "1349": "Manipuri-character32",
    "1350": "Manipuri-character33",
    "1351": "Manipuri-character34",
    "1352": "Manipuri-character35",
    "1353": "Manipuri-character36",
    "1354": "Manipuri-character37",
    "1355": "Manipuri-character38",
    "1356": "Manipuri-character39",
    "1357": "Manipuri-character40",
    "1358": "Mongolian-character01",
    "1359": "Mongolian-character02",
    "1360": "Mongolian-character03",
    "1361": "Mongolian-character04",
    "1362": "Mongolian-character05",
    "1363": "Mongolian-character06",
    "1364": "Mongolian-character07",
    "1365": "Mongolian-character08",
    "1366": "Mongolian-character09",
    "1367": "Mongolian-character10",
    "1368": "Mongolian-character11",
    "1369": "Mongolian-character12",
    "1370": "Mongolian-character13",
    "1371": "Mongolian-character14",
    "1372": "Mongolian-character15",
    "1373": "Mongolian-character16",
    "1374": "Mongolian-character17",
    "1375": "Mongolian-character18",
    "1376": "Mongolian-character19",
    "1377": "Mongolian-character20",
    "1378": "Mongolian-character21",
    "1379": "Mongolian-character22",
    "1380": "Mongolian-character23",
    "1381": "Mongolian-character24",
    "1382": "Mongolian-character25",
    "1383": "Mongolian-character26",
    "1384": "Mongolian-character27",
    "1385": "Mongolian-character28",
    "1386": "Mongolian-character29",
    "1387": "Mongolian-character30",
    "1388": "Old_Church_Slavonic_(Cyrillic)-character01",
    "1389": "Old_Church_Slavonic_(Cyrillic)-character02",
    "1390": "Old_Church_Slavonic_(Cyrillic)-character03",
    "1391": "Old_Church_Slavonic_(Cyrillic)-character04",
    "1392": "Old_Church_Slavonic_(Cyrillic)-character05",
    "1393": "Old_Church_Slavonic_(Cyrillic)-character06",
    "1394": "Old_Church_Slavonic_(Cyrillic)-character07",
    "1395": "Old_Church_Slavonic_(Cyrillic)-character08",
    "1396": "Old_Church_Slavonic_(Cyrillic)-character09",
    "1397": "Old_Church_Slavonic_(Cyrillic)-character10",
    "1398": "Old_Church_Slavonic_(Cyrillic)-character11",
    "1399": "Old_Church_Slavonic_(Cyrillic)-character12",
    "1400": "Old_Church_Slavonic_(Cyrillic)-character13",
    "1401": "Old_Church_Slavonic_(Cyrillic)-character14",
    "1402": "Old_Church_Slavonic_(Cyrillic)-character15",
    "1403": "Old_Church_Slavonic_(Cyrillic)-character16",
    "1404": "Old_Church_Slavonic_(Cyrillic)-character17",
    "1405": "Old_Church_Slavonic_(Cyrillic)-character18",
    "1406": "Old_Church_Slavonic_(Cyrillic)-character19",
    "1407": "Old_Church_Slavonic_(Cyrillic)-character20",
    "1408": "Old_Church_Slavonic_(Cyrillic)-character21",
    "1409": "Old_Church_Slavonic_(Cyrillic)-character22",
    "1410": "Old_Church_Slavonic_(Cyrillic)-character23",
    "1411": "Old_Church_Slavonic_(Cyrillic)-character24",
    "1412": "Old_Church_Slavonic_(Cyrillic)-character25",
    "1413": "Old_Church_Slavonic_(Cyrillic)-character26",
    "1414": "Old_Church_Slavonic_(Cyrillic)-character27",
    "1415": "Old_Church_Slavonic_(Cyrillic)-character28",
    "1416": "Old_Church_Slavonic_(Cyrillic)-character29",
    "1417": "Old_Church_Slavonic_(Cyrillic)-character30",
    "1418": "Old_Church_Slavonic_(Cyrillic)-character31",
    "1419": "Old_Church_Slavonic_(Cyrillic)-character32",
    "1420": "Old_Church_Slavonic_(Cyrillic)-character33",
    "1421": "Old_Church_Slavonic_(Cyrillic)-character34",
    "1422": "Old_Church_Slavonic_(Cyrillic)-character35",
    "1423": "Old_Church_Slavonic_(Cyrillic)-character36",
    "1424": "Old_Church_Slavonic_(Cyrillic)-character37",
    "1425": "Old_Church_Slavonic_(Cyrillic)-character38",
    "1426": "Old_Church_Slavonic_(Cyrillic)-character39",
    "1427": "Old_Church_Slavonic_(Cyrillic)-character40",
    "1428": "Old_Church_Slavonic_(Cyrillic)-character41",
    "1429": "Old_Church_Slavonic_(Cyrillic)-character42",
    "1430": "Old_Church_Slavonic_(Cyrillic)-character43",
    "1431": "Old_Church_Slavonic_(Cyrillic)-character44",
    "1432": "Old_Church_Slavonic_(Cyrillic)-character45",
    "1433": "Oriya-character01",
    "1434": "Oriya-character02",
    "1435": "Oriya-character03",
    "1436": "Oriya-character04",
    "1437": "Oriya-character05",
    "1438": "Oriya-character06",
    "1439": "Oriya-character07",
    "1440": "Oriya-character08",
    "1441": "Oriya-character09",
    "1442": "Oriya-character10",
    "1443": "Oriya-character11",
    "1444": "Oriya-character12",
    "1445": "Oriya-character13",
    "1446": "Oriya-character14",
    "1447": "Oriya-character15",
    "1448": "Oriya-character16",
    "1449": "Oriya-character17",
    "1450": "Oriya-character18",
    "1451": "Oriya-character19",
    "1452": "Oriya-character20",
    "1453": "Oriya-character21",
    "1454": "Oriya-character22",
    "1455": "Oriya-character23",
    "1456": "Oriya-character24",
    "1457": "Oriya-character25",
    "1458": "Oriya-character26",
    "1459": "Oriya-character27",
    "1460": "Oriya-character28",
    "1461": "Oriya-character29",
    "1462": "Oriya-character30",
    "1463": "Oriya-character31",
    "1464": "Oriya-character32",
    "1465": "Oriya-character33",
    "1466": "Oriya-character34",
    "1467": "Oriya-character35",
    "1468": "Oriya-character36",
    "1469": "Oriya-character37",
    "1470": "Oriya-character38",
    "1471": "Oriya-character39",
    "1472": "Oriya-character40",
    "1473": "Oriya-character41",
    "1474": "Oriya-character42",
    "1475": "Oriya-character43",
    "1476": "Oriya-character44",
    "1477": "Oriya-character45",
    "1478": "Oriya-character46",
    "1479": "Sylheti-character01",
    "1480": "Sylheti-character02",
    "1481": "Sylheti-character03",
    "1482": "Sylheti-character04",
    "1483": "Sylheti-character05",
    "1484": "Sylheti-character06",
    "1485": "Sylheti-character07",
    "1486": "Sylheti-character08",
    "1487": "Sylheti-character09",
    "1488": "Sylheti-character10",
    "1489": "Sylheti-character11",
    "1490": "Sylheti-character12",
    "1491": "Sylheti-character13",
    "1492": "Sylheti-character14",
    "1493": "Sylheti-character15",
    "1494": "Sylheti-character16",
    "1495": "Sylheti-character17",
    "1496": "Sylheti-character18",
    "1497": "Sylheti-character19",
    "1498": "Sylheti-character20",
    "1499": "Sylheti-character21",
    "1500": "Sylheti-character22",
    "1501": "Sylheti-character23",
    "1502": "Sylheti-character24",
    "1503": "Sylheti-character25",
    "1504": "Sylheti-character26",
    "1505": "Sylheti-character27",
    "1506": "Sylheti-character28",
    "1507": "Syriac_(Serto)-character01",
    "1508": "Syriac_(Serto)-character02",
    "1509": "Syriac_(Serto)-character03",
    "1510": "Syriac_(Serto)-character04",
    "1511": "Syriac_(Serto)-character05",
    "1512": "Syriac_(Serto)-character06",
    "1513": "Syriac_(Serto)-character07",
    "1514": "Syriac_(Serto)-character08",
    "1515": "Syriac_(Serto)-character09",
    "1516": "Syriac_(Serto)-character10",
    "1517": "Syriac_(Serto)-character11",
    "1518": "Syriac_(Serto)-character12",
    "1519": "Syriac_(Serto)-character13",
    "1520": "Syriac_(Serto)-character14",
    "1521": "Syriac_(Serto)-character15",
    "1522": "Syriac_(Serto)-character16",
    "1523": "Syriac_(Serto)-character17",
    "1524": "Syriac_(Serto)-character18",
    "1525": "Syriac_(Serto)-character19",
    "1526": "Syriac_(Serto)-character20",
    "1527": "Syriac_(Serto)-character21",
    "1528": "Syriac_(Serto)-character22",
    "1529": "Syriac_(Serto)-character23",
    "1530": "Tengwar-character01",
    "1531": "Tengwar-character02",
    "1532": "Tengwar-character03",
    "1533": "Tengwar-character04",
    "1534": "Tengwar-character05",
    "1535": "Tengwar-character06",
    "1536": "Tengwar-character07",
    "1537": "Tengwar-character08",
    "1538": "Tengwar-character09",
    "1539": "Tengwar-character10",
    "1540": "Tengwar-character11",
    "1541": "Tengwar-character12",
    "1542": "Tengwar-character13",
    "1543": "Tengwar-character14",
    "1544": "Tengwar-character15",
    "1545": "Tengwar-character16",
    "1546": "Tengwar-character17",
    "1547": "Tengwar-character18",
    "1548": "Tengwar-character19",
    "1549": "Tengwar-character20",
    "1550": "Tengwar-character21",
    "1551": "Tengwar-character22",
    "1552": "Tengwar-character23",
    "1553": "Tengwar-character24",
    "1554": "Tengwar-character25",
    "1555": "Tibetan-character01",
    "1556": "Tibetan-character02",
    "1557": "Tibetan-character03",
    "1558": "Tibetan-character04",
    "1559": "Tibetan-character05",
    "1560": "Tibetan-character06",
    "1561": "Tibetan-character07",
    "1562": "Tibetan-character08",
    "1563": "Tibetan-character09",
    "1564": "Tibetan-character10",
    "1565": "Tibetan-character11",
    "1566": "Tibetan-character12",
    "1567": "Tibetan-character13",
    "1568": "Tibetan-character14",
    "1569": "Tibetan-character15",
    "1570": "Tibetan-character16",
    "1571": "Tibetan-character17",
    "1572": "Tibetan-character18",
    "1573": "Tibetan-character19",
    "1574": "Tibetan-character20",
    "1575": "Tibetan-character21",
    "1576": "Tibetan-character22",
    "1577": "Tibetan-character23",
    "1578": "Tibetan-character24",
    "1579": "Tibetan-character25",
    "1580": "Tibetan-character26",
    "1581": "Tibetan-character27",
    "1582": "Tibetan-character28",
    "1583": "Tibetan-character29",
    "1584": "Tibetan-character30",
    "1585": "Tibetan-character31",
    "1586": "Tibetan-character32",
    "1587": "Tibetan-character33",
    "1588": "Tibetan-character34",
    "1589": "Tibetan-character35",
    "1590": "Tibetan-character36",
    "1591": "Tibetan-character37",
    "1592": "Tibetan-character38",
    "1593": "Tibetan-character39",
    "1594": "Tibetan-character40",
    "1595": "Tibetan-character41",
    "1596": "Tibetan-character42",
    "1597": "ULOG-character01",
    "1598": "ULOG-character02",
    "1599": "ULOG-character03",
    "1600": "ULOG-character04",
    "1601": "ULOG-character05",
    "1602": "ULOG-character06",
    "1603": "ULOG-character07",
    "1604": "ULOG-character08",
    "1605": "ULOG-character09",
    "1606": "ULOG-character10",
    "1607": "ULOG-character11",
    "1608": "ULOG-character12",
    "1609": "ULOG-character13",
    "1610": "ULOG-character14",
    "1611": "ULOG-character15",
    "1612": "ULOG-character16",
    "1613": "ULOG-character17",
    "1614": "ULOG-character18",
    "1615": "ULOG-character19",
    "1616": "ULOG-character20",
    "1617": "ULOG-character21",
    "1618": "ULOG-character22",
    "1619": "ULOG-character23",
    "1620": "ULOG-character24",
    "1621": "ULOG-character25",
    "1622": "ULOG-character26"
  },
  "path": "/path/to/records/omniglot",
  "file_pattern": "{}.tfrecords",
  "__class__": "BiLevelDatasetSpecification"
}
