{
  "name": "traffic_sign",
  "classes_per_split": {
    "TRAIN": 0,
    "VALID": 0,
    "TEST": 43
  },
  "images_per_class": {
    "0": 210,
    "1": 2220,
    "2": 2250,
    "3": 1410,
    "4": 1980,
    "5": 1860,
    "6": 420,
    "7": 1440,
    "8": 1410,
    "9": 1470,
    "10": 2010,
    "11": 1320,
    "12": 2100,
    "13": 2160,
    "14": 780,
    "15": 630,
    "16": 420,
    "17": 1110,
    "18": 1200,
    "19": 210,
    "20": 360,
    "21": 330,
    "22": 390,
    "23": 510,
    "24": 270,
    "25": 1500,
    "26": 600,
    "27": 240,
    "28": 540,
    "29": 270,
    "30": 450,
    "31": 780,
    "32": 240,
    "33": 689,
    "34": 420,
    "35": 1200,
    "36": 390,
    "37": 210,
    "38": 2070,
    "39": 300,
    "40": 360,
    "41": 240,
    "42": 240
  },
  "class_names": {
    "0": "00.Speed limit (20km/h)",
    "1": "01.Speed limit (30km/h)",
    "2": "02.Speed limit (50km/h)",
    "3": "03.Speed limit (60km/h)",
    "4": "04.Speed limit (70km/h)",
    "5": "05.Speed limit (80km/h)",
    "6": "06.End of speed limit (80km/h)",
    "7": "07.Speed limit (100km/h)",
    "8": "08.Speed limit (120km/h)",
    "9": "09.No passing",
    "10": "10.No passing for vehicles over 3.5 metric tons",
    "11": "11.Right-of-way at the next intersection",
    "12": "12.Priority road",
    "13": "13.Yield",
    "14": "14.Stop",
    "15": "15.No vehicles",
    "16": "16.Vehicles over 3.5 metric tons prohibited",
    "17": "17.No entry",
    "18": "18.General caution",
    "19": "19.Dangerous curve to the left",
    "20": "20.Dangerous curve to the right",
    "21": "21.Double curve",
    "22": "22.Bumpy road",
    "23": "23.Slippery road",
    "24": "24.Road narrows on the right",
    "25": "25.Road work",
    "26": "26.Traffic signals",
    "27": "27.Pedestrians",
    "28": "28.Children crossing",
    "29": "29.Bicycles crossing",
    "30": "30.Beware of ice/snow",
    "31": "31.Wild animals crossing",
    "32": "32.End of all speed and passing limits",
    "33": "33.Turn right ahead",
    "34": "34.Turn left ahead",
    "35": "35.Ahead only",
    "36": "36.Go straight or right",
    "37": "37.Go straight or left",
    "38": "38.Keep right",
    "39": "39.Keep left",
    "40": "40.Roundabout mandatory",
    "41": "41.End of no passing",
    "42": "42.End of no passing by vehicles over 3.5 metric tons"
  },
  "path": "/path/to/records/traffic_sign",
  "file_pattern": "{}.tfrecords",
  "__class__": "DatasetSpecification"
}
