{
  "name": "vgg_flower",
  "classes_per_split": {
    "TRAIN": 71,
    "VALID": 15,
    "TEST": 16
  },
  "images_per_class": {
    "0": 82,
    "1": 56,
    "2": 105,
    "3": 85,
    "4": 78,
    "5": 87,
    "6": 130,
    "7": 40,
    "8": 56,
    "9": 52,
    "10": 52,
    "11": 63,
    "12": 85,
    "13": 42,
    "14": 128,
    "15": 251,
    "16": 137,
    "17": 50,
    "18": 154,
    "19": 171,
    "20": 71,
    "21": 45,
    "22": 40,
    "23": 49,
    "24": 41,
    "25": 62,
    "26": 258,
    "27": 54,
    "28": 48,
    "29": 109,
    "30": 87,
    "31": 41,
    "32": 54,
    "33": 108,
    "34": 75,
    "35": 66,
    "36": 71,
    "37": 40,
    "38": 46,
    "39": 60,
    "40": 82,
    "41": 42,
    "42": 45,
    "43": 40,
    "44": 93,
    "45": 107,
    "46": 120,
    "47": 96,
    "48": 85,
    "49": 86,
    "50": 194,
    "51": 40,
    "52": 61,
    "53": 61,
    "54": 67,
    "55": 92,
    "56": 76,
    "57": 54,
    "58": 49,
    "59": 78,
    "60": 166,
    "61": 58,
    "62": 66,
    "63": 59,
    "64": 46,
    "65": 63,
    "66": 40,
    "67": 49,
    "68": 56,
    "69": 41,
    "70": 114,
    "71": 45,
    "72": 41,
    "73": 85,
    "74": 91,
    "75": 41,
    "76": 67,
    "77": 93,
    "78": 109,
    "79": 67,
    "80": 55,
    "81": 112,
    "82": 131,
    "83": 58,
    "84": 66,
    "85": 48,
    "86": 65,
    "87": 46,
    "88": 49,
    "89": 49,
    "90": 43,
    "91": 67,
    "92": 127,
    "93": 59,
    "94": 40,
    "95": 196,
    "96": 102,
    "97": 63,
    "98": 184,
    "99": 162,
    "100": 91,
    "101": 82
  },
  "class_names": {
    "0": "090.canna lily",
    "1": "038.great masterwort",
    "2": "080.anthurium",
    "3": "030.sweet william",
    "4": "029.artichoke",
    "5": "012.colt's foot",
    "6": "043.sword lily",
    "7": "027.prince of wales feathers",
    "8": "004.sweet pea",
    "9": "064.silverbush",
    "10": "031.carnation",
    "11": "099.bromelia",
    "12": "008.bird of paradise",
    "13": "067.spring crocus",
    "14": "095.bougainvillea",
    "15": "077.passion flower",
    "16": "078.lotus",
    "17": "061.cautleya spicata",
    "18": "088.cyclamen",
    "19": "074.rose",
    "20": "055.pelargonium",
    "21": "032.garden phlox",
    "22": "021.fire lily",
    "23": "013.king protea",
    "24": "079.toad lily",
    "25": "070.tree poppy",
    "26": "051.petunia",
    "27": "069.windflower",
    "28": "014.spear thistle",
    "29": "060.pink-yellow dahlia?",
    "30": "011.snapdragon",
    "31": "039.siam tulip",
    "32": "063.black-eyed susan",
    "33": "037.cape flower",
    "34": "036.ruby-lipped cattleya",
    "35": "028.stemless gentian",
    "36": "048.buttercup",
    "37": "007.moon orchid",
    "38": "093.ball moss",
    "39": "002.hard-leaved pocket orchid",
    "40": "018.peruvian lily",
    "41": "024.red ginger",
    "42": "006.tiger lily",
    "43": "003.canterbury bells",
    "44": "044.poinsettia",
    "45": "076.morning glory",
    "46": "075.thorn apple",
    "47": "072.azalea",
    "48": "052.wild pansy",
    "49": "084.columbine",
    "50": "073.water lily",
    "51": "034.mexican aster",
    "52": "054.sunflower",
    "53": "066.osteospermum",
    "54": "059.orange dahlia",
    "55": "050.common dandelion",
    "56": "091.hippeastrum",
    "57": "068.bearded iris",
    "58": "100.blanket flower",
    "59": "071.gazania",
    "60": "081.frangipani",
    "61": "101.trumpet creeper",
    "62": "092.bee balm",
    "63": "022.pincushion flower",
    "64": "033.love in the mist",
    "65": "087.magnolia",
    "66": "001.pink primrose",
    "67": "049.oxeye daisy",
    "68": "020.giant white arum lily",
    "69": "025.grape hyacinth",
    "70": "058.geranium",
    "71": "010.globe thistle",
    "72": "016.globe-flower",
    "73": "017.purple coneflower",
    "74": "023.fritillary",
    "75": "026.corn poppy",
    "76": "047.marigold",
    "77": "053.primula",
    "78": "056.bishop of llandaff",
    "79": "057.gaura",
    "80": "062.japanese anemone",
    "81": "082.clematis",
    "82": "083.hibiscus",
    "83": "086.tree mallow",
    "84": "097.mallow",
    "85": "102.blackberry lily",
    "86": "005.english marigold",
    "87": "009.monkshood",
    "88": "015.yellow iris",
    "89": "019.balloon flower",
    "90": "035.alpine sea holly",
    "91": "040.lenten rose",
    "92": "041.barbeton daisy",
    "93": "042.daffodil",
    "94": "045.bolero deep blue",
    "95": "046.wallflower",
    "96": "065.californian poppy",
    "97": "085.desert-rose",
    "98": "089.watercress",
    "99": "094.foxglove",
    "100": "096.camellia",
    "101": "098.mexican petunia"
  },
  "path": "/path/to/records/vgg_flower",
  "file_pattern": "{}.tfrecords",
  "__class__": "DatasetSpecification"
}
